customer,state,gender,education,customer_lifetime_value,income,monthly_premium_auto,number_of_open_complaints,policy_type,vehicle_class,total_claim_amount
QZ44356,Arizona,F,Bachelor,697953,0.0,94.0,0,Personal Auto,Four-Door Car,1131.464935
AI49188,Nevada,F,Bachelor,1288743,48767.0,108.0,0,Personal Auto,Two-Door Car,566.472247
WW63253,California,M,Bachelor,764586,0.0,106.0,0,Corporate Auto,SUV,529.881344
GA49547,Washington,M,High School or Below,536307,36357.0,68.0,0,Personal Auto,Four-Door Car,17.269323
OC83172,Oregon,F,Bachelor,825629,62902.0,69.0,0,Personal Auto,Two-Door Car,159.383042
XZ87318,Oregon,F,College,538089,55350.0,67.0,0,Corporate Auto,Four-Door Car,321.6
CF85061,Arizona,M,Master,721610,0.0,101.0,0,Corporate Auto,Four-Door Car,363.02968
DY87989,Oregon,M,Bachelor,2412750,14072.0,71.0,0,Corporate Auto,Four-Door Car,511.2
BQ94931,Oregon,F,College,738817,28812.0,93.0,0,Special Auto,Four-Door Car,425.527834
SX51350,California,M,College,473899,0.0,67.0,0,Personal Auto,Four-Door Car,482.4
QK46697,Washington,M,Bachelor,617710,61040.0,79.0,1,Personal Auto,Two-Door Car,20.382876
HS14476,Washington,M,College,916206,29723.0,80.0,0,Personal Auto,Four-Door Car,20.985105
HD95276,Washington,F,College,473787,0.0,130.0,0,Personal Auto,SUV,23.820158
YD87931,Washington,M,Doctor,495165,46896.0,35354.0,1,Personal Auto,Four-Door Car,31.707317
NW21079,Washington,F,Master,487938,67163.0,61.0,2,Personal Auto,Two-Door Car,33.192803
YB66933,Washington,F,Bachelor,538275,77552.0,68.0,1,Corporate Auto,Four-Door Car,45.215059
OW15518,Washington,F,College,1595001,0.0,87.0,1,Personal Auto,Two-Door Car,46.041452
GP39118,Washington,M,High School or Below,499655,71600.0,63.0,0,Personal Auto,Two-Door Car,46.158117
SG20925,Washington,F,Master,518579,99428.0,6464.0,1,Personal Auto,Four-Door Car,48.046869
FM14335,Washington,F,College,1048491,61108.0,89.0,0,Personal Auto,Four-Door Car,49.451117
HS28694,Washington,F,High School or Below,282986,25317.0,71.0,0,Personal Auto,Two-Door Car,50.422181
LH92841,Washington,F,Bachelor,725595,88891.0,89.0,0,Personal Auto,Four-Door Car,50.528355
AZ95587,Arizona,F,Bachelor,1038855,61222.0,89.0,0,Special Auto,Four-Door Car,392.604371
DS81757,Oregon,M,College,247012,0.0,74.0,0,Personal Auto,Two-Door Car,721.242206
OJ94107,Arizona,M,Master,561906,50335.0,140.0,0,Personal Auto,SUV,456.52385
LP84436,California,F,High School or Below,904711,0.0,127.0,0,Personal Auto,Luxury,1087.995426
FF22360,Washington,F,Doctor,268731,82210.0,68.0,4,Personal Auto,Four-Door Car,51.961915
LM19287,Oregon,F,High School or Below,373150,0.0,96.0,0,Personal Auto,Four-Door Car,460.8
ZU18643,Nevada,M,Bachelor,366077,64495.0,92.0,0,Corporate Auto,Four-Door Car,251.992083
AZ82578,California,F,College,792882,0.0,72.0,0,Corporate Auto,Four-Door Car,345.6
XC67861,Arizona,F,Bachelor,501175,28859.0,67.0,3,Corporate Auto,Two-Door Car,321.6
YC43143,Arizona,F,High School or Below,798825,77330.0,99.0,0,Personal Auto,Four-Door Car,99.257608
EK59571,Oregon,M,College,388545,0.0,105.0,0,Corporate Auto,Four-Door Car,504.0
PA38372,Washington,F,High School or Below,935773,33060.0,117.0,0,Personal Auto,Four-Door Car,56.731578
RO18530,Washington,M,Master,254068,42557.0,65.0,0,Personal Auto,Four-Door Car,57.562324
PD27940,Arizona,M,High School or Below,488516,26372.0,126.0,0,Personal Auto,SUV,604.8
BS77946,Arizona,F,Bachelor,975330,17514.0,127.0,0,Personal Auto,SUV,8.312729
YM50253,California,F,Bachelor,294615,89270.0,74.0,0,Personal Auto,Four-Door Car,316.599228
NR15332,California,M,High School or Below,258111,29757.0,65.0,0,Personal Auto,Four-Door Car,312.0
RC62865,Oregon,M,College,351738,51814.0,92.0,0,Personal Auto,Four-Door Car,56.300724
CC15295,Oregon,F,Bachelor,974335,24028.0,82.0,0,Personal Auto,Four-Door Car,393.6
KA61892,Arizona,M,College,387364,28142.0,105.0,0,Personal Auto,Luxury,701.708239
OS94884,Arizona,F,Bachelor,764928,52705.0,64.0,1,Personal Auto,Two-Door Car,128.705563
ND87334,California,M,High School or Below,228759,0.0,63.0,0,Corporate Auto,Two-Door Car,679.368378
OY51402,Washington,F,High School or Below,825576,54040.0,103.0,0,Personal Auto,SUV,59.987126
YL74911,California,F,College,871492,0.0,118.0,0,Personal Auto,SUV,566.4
GK92563,Washington,F,Doctor,681923,22492.0,85.0,0,Personal Auto,Two-Door Car,61.654262
HL53154,California,M,Bachelor,741619,0.0,77.0,2,Personal Auto,Four-Door Car,554.4
RI78966,Oregon,M,Master,777115,21876.0,68.0,0,Personal Auto,Four-Door Car,465.41477
IC13702,California,F,Bachelor,696834,0.0,69.0,1,Personal Auto,Four-Door Car,496.8
BE10809,California,F,High School or Below,425028,0.0,61.0,1,Personal Auto,Four-Door Car,292.8
HT87217,Oregon,F,High School or Below,1977656,70699.0,82.0,0,Personal Auto,Four-Door Car,256.813837
TH95618,California,F,High School or Below,2134346,0.0,74.0,1,Personal Auto,Four-Door Car,355.2
TS19868,California,M,College,241313,27501.0,63.0,0,Personal Auto,Four-Door Car,542.319401
LP45550,Oregon,F,Doctor,1536384,15897.0,101.0,0,Personal Auto,Four-Door Car,303.148399
QR87004,Nevada,F,College,845696,25141.0,73.0,1,Personal Auto,Four-Door Car,25.438063
OE75747,Nevada,F,College,218964,0.0,61.0,3,Personal Auto,Four-Door Car,292.8
DX91392,California,M,High School or Below,578018,51066.0,74.0,0,Personal Auto,Four-Door Car,787.993313
AB72731,California,F,Bachelor,463998,28358.0,117.0,0,Personal Auto,Luxury,84.024413
GX84338,Washington,F,Doctor,382443,62530.0,95.0,0,Personal Auto,Four-Door Car,61.693771
IS12901,Arizona,F,Bachelor,596811,90972.0,74.0,0,Personal Auto,Two-Door Car,232.926145
BN90616,Washington,F,Bachelor,859033,63110.0,72.0,0,Personal Auto,Four-Door Car,68.179721
HH90090,California,F,Bachelor,407663,29549.0,104.0,0,Personal Auto,Luxury,710.433775
IU25463,California,F,Bachelor,1225260,0.0,115.0,1,Personal Auto,Four-Door Car,552.0
KC11055,Nevada,F,Bachelor,1693627,39411.0,217.0,2,Personal Auto,Luxury,1122.658899
PD33979,Oregon,M,High School or Below,489243,21709.0,62.0,0,Personal Auto,Four-Door Car,408.374746
NK71023,Nevada,M,Bachelor,994230,67890.0,85.0,0,Personal Auto,Four-Door Car,408.0
AB13432,California,M,Bachelor,373583,0.0,110.0,0,Personal Auto,SUV,792.0
OZ97704,California,F,High School or Below,1311752,84311.0,111.0,4,Personal Auto,SUV,532.8
UF46533,California,F,College,457452,99316.0,114.0,0,Corporate Auto,SUV,754.358929
XP47431,Arizona,F,Bachelor,547006,54507.0,138.0,0,Personal Auto,SUV,702.990032
GK73582,California,F,Bachelor,297884,64586.0,76.0,0,Personal Auto,Four-Door Car,206.837111
RV98763,Oregon,M,College,641096,61709.0,82.0,2,Personal Auto,Four-Door Car,275.395894
II62831,California,M,Master,447902,94656.0,111.0,1,Special Auto,SUV,459.738128
XK33449,California,F,High School or Below,238373,0.0,69.0,0,Special Auto,Two-Door Car,496.8
TR85083,California,M,Bachelor,276449,61085.0,70.0,1,Personal Auto,Two-Door Car,336.0
EO95328,Oregon,F,Bachelor,792010,89284.0,67.0,3,Personal Auto,Two-Door Car,321.6
EN21086,Arizona,F,High School or Below,688909,0.0,63.0,0,Personal Auto,Four-Door Car,302.4
YL83902,Washington,F,Bachelor,327419,31686.0,81.0,0,Personal Auto,Four-Door Car,430.994107
AZ62651,Oregon,M,High School or Below,995170,56855.0,255.0,0,Corporate Auto,Luxury,1836.0
ZW25874,Oregon,M,Bachelor,252155,53703.0,67.0,2,Special Auto,Four-Door Car,67.632476
EH41854,Washington,F,High School or Below,2370611,0.0,96.0,1,Personal Auto,Two-Door Car,844.481918
MW70227,California,M,College,604702,20396.0,76.0,1,Personal Auto,Four-Door Car,364.8
SL22297,California,F,Master,1114030,27679.0,150.0,0,Personal Auto,SUV,722.486994
RV14138,Nevada,F,Bachelor,433406,23904.0,123.0,3,Personal Auto,SUV,590.4
UO62808,Arizona,F,High School or Below,279974,65351.0,69.0,0,Corporate Auto,Four-Door Car,481.027516
ZX64745,California,M,College,792313,0.0,113.0,0,Personal Auto,SUV,1124.427734
FL34139,California,M,High School or Below,368811,0.0,63.0,3,Personal Auto,Four-Door Car,669.682001
TS11219,California,M,College,1206745,0.0,116.0,0,Personal Auto,SUV,1284.093173
XX12304,California,F,College,292497,64459.0,72.0,0,Personal Auto,Four-Door Car,240.259479
SD64087,California,M,College,1501409,32961.0,190.0,0,Corporate Auto,SUV,912.0
OY38576,Oregon,F,High School or Below,927723,71416.0,116.0,0,Corporate Auto,SUV,556.8
BG76355,Washington,F,Bachelor,627412,68964.0,78.0,0,Personal Auto,Four-Door Car,115.086827
IP66913,FCalifornia,M,High School or Below,388664,78108.0,98.0,0,Personal Auto,Two-Door Car,470.4
LE95702,FCalifornia,M,College,438627,10621.0,67.0,0,Special Auto,Four-Door Car,321.6
KX54357,Washington,M,College,1136526,84910.0,95.0,0,Corporate Auto,Two-Door Car,383.167471
EZ78112,FCalifornia,F,High School or Below,561096,77493.0,70.0,0,Special Auto,Four-Door Car,307.963291
XN16891,Arizona,M,College,291289,81097.0,74.0,0,Personal Auto,Four-Door Car,355.2
XK31350,Oregon,F,College,691572,96610.0,85.0,0,Corporate Auto,Four-Door Car,520.364752
CC30924,Oregon,M,College,626266,30110.0,159.0,0,Corporate Auto,Luxury,466.436375
IT78748,Oregon,F,High School or Below,650339,22081.0,84.0,0,Special Auto,Two-Door Car,451.670309
KY33386,Washington,F,High School or Below,800739,0.0,112.0,0,Personal Auto,Luxury,537.6
CO44221,FCalifornia,M,College,292991,98473.0,72.0,0,Personal Auto,Four-Door Car,345.6
LK60013,Oregon,F,Bachelor,596955,97431.0,74.0,0,Personal Auto,Four-Door Car,355.2
DE21533,FCalifornia,M,Bachelor,547315,93870.0,69.0,0,Personal Auto,Four-Door Car,331.2
YS94121,Nevada,M,High School or Below,564539,50366.0,72.0,0,Personal Auto,Four-Door Car,428.734656
UK68427,Washington,M,High School or Below,636926,34498.0,83.0,0,Personal Auto,Two-Door Car,398.4
TE49565,Oregon,F,College,1183376,16552.0,103.0,0,Personal Auto,SUV,494.4
RA88421,Oregon,F,College,612110,26787.0,77.0,0,Personal Auto,Four-Door Car,369.6
KQ51983,Nevada,M,College,515936,0.0,74.0,0,Personal Auto,Two-Door Car,831.752839
CD88896,Nevada,F,High School or Below,251459,43860.0,65.0,0,Corporate Auto,Four-Door Car,156.124914
YV22553,Arizona,M,High School or Below,866861,21474.0,114.0,2,Corporate Auto,SUV,373.428187
WU14435,FCalifornia,M,Bachelor,496096,18174.0,66.0,0,Corporate Auto,Four-Door Car,395.934815
XV84099,Arizona,F,Bachelor,550413,0.0,73.0,0,Corporate Auto,Four-Door Car,350.4
RI24911,Arizona,M,College,750745,60920.0,64.0,0,Personal Auto,Two-Door Car,231.201886
KO26461,Arizona,M,High School or Below,3226985,41520.0,90.0,0,Personal Auto,Four-Door Car,289.904105
HI14283,Oregon,F,Bachelor,565703,0.0,152.0,0,Personal Auto,SUV,729.6
PT50227,Arizona,M,High School or Below,506175,0.0,68.0,0,Personal Auto,Two-Door Car,326.4
BH36570,FCalifornia,M,Bachelor,591278,72208.0,73.0,0,Personal Auto,Two-Door Car,350.4
TX17484,FCalifornia,F,Bachelor,1518227,53863.0,63.0,0,Personal Auto,Four-Door Car,105.765111
CT41158,Washington,M,College,1074703,66446.0,136.0,0,Corporate Auto,SUV,639.464548
AO87348,Washington,M,College,205062,0.0,61.0,0,Personal Auto,Four-Door Car,292.8
DE55857,Washington,F,Bachelor,246544,64997.0,63.0,1,Personal Auto,Four-Door Car,383.442328
LF66923,Nevada,F,High School or Below,534312,64460.0,66.0,0,Corporate Auto,Two-Door Car,316.8
CN24514,Arizona,F,College,811982,46618.0,67.0,0,Personal Auto,Four-Door Car,99.085943
UW32074,Oregon,F,College,460526,0.0,64.0,0,Corporate Auto,Four-Door Car,307.2
HP36979,FCalifornia,M,College,640878,49988.0,84.0,5,Personal Auto,Two-Door Car,566.935022
PP40919,FCalifornia,F,College,237653,0.0,91.0,5,Personal Auto,Two-Door Car,436.8
RO73268,FCalifornia,M,Bachelor,321107,16269.0,86.0,0,Corporate Auto,Two-Door Car,412.8
HO61691,Arizona,F,Bachelor,509452,72006.0,64.0,0,Personal Auto,Four-Door Car,307.2
BS13062,Arizona,F,High School or Below,2575527,0.0,81.0,2,Personal Auto,Four-Door Car,388.8
FO35655,Oregon,M,Bachelor,867222,0.0,245.0,0,Corporate Auto,Luxury,2345.413441
HR10526,FCalifornia,M,Master,804473,44320.0,67.0,0,Personal Auto,Four-Door Car,321.6
IA63417,Arizona,F,High School or Below,400151,19782.0,108.0,0,Personal Auto,Two-Door Car,773.470977
BH35016,Nevada,F,Bachelor,1670611,63933.0,70.0,0,Personal Auto,Two-Door Car,424.883448
PK52952,Arizona,M,Doctor,854441,28224.0,109.0,0,Personal Auto,SUV,523.2
OD76309,Washington,F,College,780531,21073.0,106.0,1,Personal Auto,SUV,508.8
IL28481,Oregon,M,Bachelor,611275,63243.0,77.0,0,Personal Auto,Four-Door Car,364.240307
GY55092,Nevada,M,High School or Below,477294,20993.0,133.0,0,Personal Auto,SUV,638.4
UF33451,Oregon,F,Bachelor,1097909,94827.0,135.0,0,Personal Auto,SUV,354.729129
CF15558,FCalifornia,F,Master,500426,39161.0,63.0,1,Personal Auto,Two-Door Car,283.995953
JM62924,Washington,M,Bachelor,1322304,37534.0,84.0,2,Personal Auto,Four-Door Car,403.2
EM66435,Oregon,F,Bachelor,262331,80210.0,65.0,0,Corporate Auto,Four-Door Car,20.543176
QX45933,FCalifornia,M,Bachelor,1784019,0.0,62.0,0,Personal Auto,Four-Door Car,385.115437
JI71369,FCalifornia,F,College,510611,30110.0,64.0,0,Personal Auto,Four-Door Car,140.165035
JU93290,Arizona,F,College,1793060,21708.0,68.0,0,Personal Auto,Four-Door Car,326.4
GU66096,Arizona,M,High School or Below,545734,94731.0,67.0,0,Personal Auto,Four-Door Car,321.6
UC33108,FCalifornia,M,Bachelor,656364,32375.0,83.0,0,Personal Auto,Four-Door Car,398.4
LW93867,Oregon,M,College,481252,16531.0,63.0,0,Corporate Auto,Four-Door Car,102.879769
OU78470,Arizona,F,Master,2932804,32006.0,94.0,0,Corporate Auto,Four-Door Car,56.868289
XW90265,Arizona,F,Bachelor,577352,81676.0,72.0,0,Personal Auto,Two-Door Car,463.158502
HS67749,FCalifornia,M,College,684711,71038.0,86.0,0,Corporate Auto,Four-Door Car,205.444066
VZ51506,Arizona,F,High School or Below,359531,0.0,103.0,0,Corporate Auto,Luxury,741.6
UI64281,Nevada,F,Master,2285561,20832.0,65.0,0,Personal Auto,Two-Door Car,56.371967
AE98193,Washington,M,High School or Below,785941,0.0,113.0,0,Personal Auto,SUV,813.6
AZ74055,Oregon,M,High School or Below,411557,52405.0,103.0,0,Personal Auto,Four-Door Car,494.4
XS76911,Arizona,F,High School or Below,502963,0.0,133.0,0,Personal Auto,Luxury,795.864079
AY40674,Washington,F,Bachelor,482141,26583.0,1005.0,4,Personal Auto,SUV,614.4
NA12740,Oregon,M,Master,500431,25486.0,65.0,0,Special Auto,Two-Door Car,72.438681
UA84837,Arizona,M,College,863005,24065.0,111.0,0,Corporate Auto,Four-Door Car,532.8
DJ51510,Arizona,F,High School or Below,932208,70435.0,116.0,0,Personal Auto,Four-Door Car,67.881546
VM58985,FCalifornia,M,College,1672756,0.0,76.0,2,Personal Auto,Two-Door Car,402.636829
OH60605,Oregon,F,High School or Below,365253,39679.0,92.0,0,Personal Auto,Two-Door Car,641.388616
UO98052,Nevada,M,College,615860,0.0,89.0,0,Personal Auto,Four-Door Car,342.481173
NC53424,FCalifornia,M,Bachelor,437608,0.0,69.0,4,Personal Auto,Two-Door Car,331.2
LQ13873,Nevada,M,High School or Below,556945,53565.0,71.0,1,Personal Auto,Four-Door Car,340.8
LA97014,Washington,M,Bachelor,257651,37574.0,66.0,1,Personal Auto,Two-Door Car,412.101933
NB79936,Washington,M,Bachelor,834698,48259.0,108.0,0,Personal Auto,Two-Door Car,73.700573
NT89061,Arizona,F,High School or Below,632392,78532.0,78.0,0,Personal Auto,Four-Door Car,374.4
AF10970,Arizona,F,Bachelor,597314,96163.0,73.0,0,Corporate Auto,Four-Door Car,350.4
ZG48513,FCalifornia,M,Bachelor,470667,0.0,72.0,0,Personal Auto,Four-Door Car,345.6
JQ59145,FCalifornia,M,High School or Below,809341,0.0,114.0,1,Personal Auto,Luxury,722.024742
FE84989,Washington,M,College,503574,72672.0,63.0,0,Personal Auto,Four-Door Car,259.361117
JT52858,Oregon,F,Bachelor,902786,99002.0,112.0,1,Personal Auto,Four-Door Car,537.6
MC62068,California,M,High School or Below,728888,79494.0,91.0,0,Personal Auto,Four-Door Car,396.295614
EU27538,Oregon,M,Master,1804247,35704.0,225.0,0,Personal Auto,Luxury,358.281562
RH42306,Arizona,F,Bachelor,499206,0.0,71.0,0,Corporate Auto,Four-Door Car,653.388564
US23612,Oregon,F,High School or Below,910226,26049.0,118.0,0,Personal Auto,Two-Door Car,121.032372
WV76014,Arizona,M,Doctor,254040,70125.0,64.0,0,Special Auto,Four-Door Car,92.813396
RK96223,California,M,College,1294189,52369.0,110.0,1,Personal Auto,SUV,528.0
MF82000,Washington,F,Bachelor,236534,0.0,66.0,2,Special Auto,Four-Door Car,159.636956
FM46980,Arizona,M,College,572076,41770.0,72.0,0,Personal Auto,Four-Door Car,476.156957
SY56792,Oregon,M,High School or Below,703553,0.0,101.0,0,Corporate Auto,Four-Door Car,727.2
RF61565,California,M,College,263697,31911.0,67.0,0,Personal Auto,Four-Door Car,321.6
IM94808,Nevada,M,Bachelor,539583,70051.0,68.0,0,Corporate Auto,Four-Door Car,42.078345
VI14730,Oregon,M,High School or Below,838263,19683.0,117.0,1,Personal Auto,Luxury,561.6
YR34119,Washington,F,College,3116174,30916.0,112.0,0,Personal Auto,SUV,200.11606
RR77985,Oregon,F,Bachelor,288774,0.0,80.0,0,Personal Auto,Four-Door Car,676.944023
QD28391,Washington,M,College,742584,84302.0,62.0,0,Personal Auto,Four-Door Car,76.609295
WV17090,California,M,Bachelor,2558572,0.0,116.0,0,Corporate Auto,SUV,830.623064
TM23514,Oregon,M,College,1027260,60145.0,132.0,0,Personal Auto,SUV,580.473259
MQ68407,Oregon,F,Bachelor,437636,63774.0,111.0,0,Personal Auto,Four-Door Car,60.036683
GJ59592,California,F,Bachelor,531889,25134.0,67.0,0,Corporate Auto,Four-Door Car,321.6
FY56083,Oregon,M,Bachelor,471976,37057.0,61.0,1,Personal Auto,Four-Door Car,47.53101
UA94723,Oregon,F,High School or Below,442803,58577.0,110.0,0,Personal Auto,SUV,303.872752
FW91032,California,M,High School or Below,587917,85857.0,73.0,0,Corporate Auto,Four-Door Car,100.620067
DE34457,Oregon,F,Doctor,941690,70602.0,116.0,0,Personal Auto,SUV,481.339891
HD32044,Oregon,F,Master,828815,33816.0,106.0,2,Corporate Auto,Four-Door Car,508.8
HH30454,Oregon,M,Bachelor,3265483,0.0,153.0,0,Personal Auto,SUV,1101.6
AH84063,Oregon,F,College,471945,89642.0,121.0,4,Corporate Auto,SUV,86.320022
QA17596,California,F,Bachelor,390347,60068.0,98.0,0,Personal Auto,Two-Door Car,470.4
XI41052,California,F,Bachelor,545725,50044.0,139.0,0,Personal Auto,SUV,667.2
DI30528,California,F,Master,272535,36650.0,69.0,1,Personal Auto,Four-Door Car,56.60333
SC66359,Arizona,F,College,443397,50653.0,110.0,0,Corporate Auto,SUV,262.865172
EN61670,Arizona,F,Doctor,533246,68931.0,66.0,0,Personal Auto,Four-Door Car,309.577946
DQ10761,Oregon,M,Bachelor,231509,0.0,73.0,1,Corporate Auto,Four-Door Car,350.4
BQ51587,California,F,College,541195,0.0,73.0,0,Personal Auto,Four-Door Car,365.364581
JE21522,California,M,Bachelor,958733,39266.0,80.0,0,Personal Auto,Four-Door Car,384.0
WS47147,California,M,College,2210350,0.0,102.0,0,Personal Auto,SUV,489.6
ZA64638,Nevada,F,High School or Below,976494,0.0,98.0,1,Personal Auto,Four-Door Car,705.6
EW38459,Nevada,F,Bachelor,256715,40864.0,65.0,0,Corporate Auto,Four-Door Car,9.51528
QW87316,Oregon,F,College,265062,39035.0,68.0,0,Personal Auto,Four-Door Car,244.564334
IC43478,California,M,Bachelor,1126436,34923.0,98.0,0,Personal Auto,Two-Door Car,639.105556
TE34064,California,M,High School or Below,216852,0.0,63.0,0,Personal Auto,Four-Door Car,453.6
WU60905,California,F,High School or Below,861066,0.0,111.0,0,Corporate Auto,SUV,532.8
YM18992,California,F,College,283464,24506.0,71.0,0,Personal Auto,Two-Door Car,511.2
PD55753,Oregon,M,High School or Below,893013,0.0,82.0,0,Personal Auto,Four-Door Car,554.522969
KU56006,Arizona,F,College,553638,52220.0,70.0,1,Personal Auto,Four-Door Car,336.0
MJ69973,Arizona,M,High School or Below,284085,0.0,74.0,0,Personal Auto,Two-Door Car,402.449823
TW43626,California,M,College,808288,53554.0,67.0,0,Personal Auto,Four-Door Car,327.020539
XX84133,California,M,Bachelor,525473,34476.0,67.0,1,Corporate Auto,Four-Door Car,5.3953
ZW84453,Arizona,F,Bachelor,511623,0.0,70.0,0,Personal Auto,Four-Door Car,131.401291
HO29524,California,M,College,303464,68205.0,76.0,0,Personal Auto,Two-Door Car,99.382943
VE89726,California,F,High School or Below,802489,0.0,119.0,1,Personal Auto,SUV,856.8
GE87503,California,M,High School or Below,1821114,53690.0,154.0,0,Personal Auto,SUV,739.2
PX90263,Oregon,M,High School or Below,512156,0.0,72.0,0,Personal Auto,Four-Door Car,518.4
NI17718,California,F,High School or Below,215017,0.0,61.0,0,Personal Auto,Four-Door Car,292.8
FY32213,California,F,High School or Below,559538,74454.0,71.0,0,Personal Auto,Four-Door Car,340.8
RZ13254,Nevada,F,Bachelor,756282,0.0,73.0,0,Personal Auto,Four-Door Car,350.4
GN45013,Oregon,M,High School or Below,538585,29664.0,71.0,0,Personal Auto,Four-Door Car,340.8
NM39588,Washington,F,Doctor,267805,72450.0,66.0,0,Corporate Auto,Four-Door Car,84.218363
KU84464,Nevada,F,Bachelor,942256,47272.0,79.0,3,Personal Auto,Four-Door Car,64.546877
YH43527,Oregon,F,College,360586,21585.0,92.0,0,Corporate Auto,Four-Door Car,441.6
RO30676,California,F,College,776259,23827.0,106.0,2,Personal Auto,Four-Door Car,37.910623
QL59704,Arizona,F,College,2344490,69906.0,74.0,2,Corporate Auto,Four-Door Car,202.860399
QH19450,California,F,High School or Below,255817,0.0,72.0,0,Corporate Auto,Four-Door Car,345.6
SA54664,Washington,M,Master,265438,73196.0,66.0,1,Personal Auto,Four-Door Car,85.809817
CI38330,Washington,M,Bachelor,254978,72217.0,6464.0,0,Personal Auto,Four-Door Car,91.146661
WB38524,California,M,High School or Below,296959,46131.0,74.0,0,Personal Auto,Two-Door Car,355.2
CE56187,Oregon,F,Master,436312,54514.0,109.0,3,Personal Auto,SUV,286.234931
JL19416,California,F,High School or Below,588430,0.0,161.0,0,Personal Auto,SUV,1159.2
JZ61422,Nevada,F,College,527219,96668.0,66.0,0,Personal Auto,Four-Door Car,316.8
LA13377,California,M,Doctor,550989,78879.0,69.0,1,Personal Auto,Four-Door Car,466.570791
NC99948,Nevada,M,College,1631368,0.0,69.0,0,Personal Auto,Four-Door Car,331.2
QD34785,Arizona,F,Bachelor,567805,0.0,76.0,0,Personal Auto,Four-Door Car,364.8
RO26085,California,F,Bachelor,1210120,0.0,112.0,0,Personal Auto,Luxury,1252.406235
ES57969,Oregon,M,Bachelor,245357,29735.0,69.0,0,Personal Auto,Four-Door Car,331.2
JK55587,California,M,High School or Below,507566,23082.0,65.0,0,Special Auto,Four-Door Car,312.0
RN97635,Arizona,M,Bachelor,321497,53984.0,80.0,0,Corporate Auto,Four-Door Car,421.484456
BI76326,California,F,College,1227534,52135.0,156.0,0,Personal Auto,SUV,430.505942
JA34909,California,F,College,272221,17576.0,71.0,0,Corporate Auto,Four-Door Car,398.502948
OJ90342,Oregon,F,Bachelor,245744,29486.0,62.0,0,Personal Auto,Four-Door Car,7.646763
CM88932,Oregon,F,Master,355484,58557.0,88.0,0,Corporate Auto,Four-Door Car,55.510526
JJ97525,California,M,Bachelor,492954,25632.0,63.0,0,Personal Auto,Two-Door Car,351.270869
XV21647,California,F,High School or Below,803645,0.0,112.0,0,Personal Auto,Luxury,806.4
MC83487,Arizona,M,Bachelor,427691,18768.0,68.0,3,Corporate Auto,Four-Door Car,647.454583
BL90769,California,F,Bachelor,3347334,33190.0,106.0,0,Personal Auto,SUV,508.8
CR57148,Oregon,F,Master,596058,47945.0,74.0,0,Personal Auto,Two-Door Car,128.43823
CP85232,Arizona,M,College,4479546,58778.0,126.0,0,Special Auto,SUV,302.033971
YL74732,California,F,High School or Below,383211,15192.0,100.0,0,Personal Auto,SUV,480.0
FG16766,California,F,Bachelor,683793,51859.0,171.0,0,Personal Auto,SUV,1003.160633
NV55438,Nevada,F,High School or Below,528526,23422.0,72.0,0,Personal Auto,Two-Door Car,518.4
RM10880,California,F,College,309651,21604.0,79.0,0,Corporate Auto,Four-Door Car,379.2
GL56175,Arizona,M,College,358971,79298.0,90.0,0,Personal Auto,Four-Door Car,244.362072
UK52289,Arizona,F,Bachelor,258240,76731.0,64.0,0,Special Auto,Four-Door Car,201.455005
OT85112,Washington,M,College,340391,38460.0,88.0,1,Personal Auto,Four-Door Car,91.55098
BC62782,Arizona,F,College,1357567,48534.0,115.0,1,Personal Auto,SUV,552.0
TI19722,Washington,M,Doctor,343613,30817.0,88.0,0,Corporate Auto,Four-Door Car,91.834668
JP30654,Oregon,F,College,2868582,48412.0,104.0,0,Personal Auto,SUV,707.430832
UM45563,Washington,M,Bachelor,450267,68798.0,114.0,0,Personal Auto,SUV,92.915251
EN60878,Oregon,M,Bachelor,618311,23712.0,85.0,0,Personal Auto,Four-Door Car,376.126419
JF36291,California,M,College,387364,28142.0,105.0,0,Personal Auto,Luxury,701.708239
BK59444,California,F,Master,1892933,72196.0,68.0,0,Personal Auto,Four-Door Car,152.184244
MK70700,California,M,Master,555329,68197.0,69.0,0,Personal Auto,Four-Door Car,176.819414
IW71076,California,M,Bachelor,501125,75248.0,63.0,0,Corporate Auto,Four-Door Car,104.454624
AP98768,California,F,College,1044244,0.0,98.0,0,Personal Auto,Four-Door Car,941.718054
OM24164,Nevada,M,Bachelor,219961,0.0,65.0,1,Personal Auto,Two-Door Car,468.0
HR85211,Washington,F,Master,512317,89879.0,63.0,0,Personal Auto,Two-Door Car,94.030308
VC87846,Oregon,M,High School or Below,748431,46998.0,96.0,0,Corporate Auto,Four-Door Car,460.8
ZM92052,Oregon,M,Bachelor,261302,57099.0,67.0,0,Personal Auto,Two-Door Car,67.859881
ON73702,Arizona,F,Bachelor,908063,33897.0,114.0,0,Corporate Auto,SUV,539.843003
QQ90441,Nevada,F,High School or Below,1377097,59207.0,116.0,0,Personal Auto,Four-Door Car,556.8
HU35721,Oregon,M,High School or Below,287682,40171.0,73.0,0,Personal Auto,Four-Door Car,350.4
YP47665,Washington,M,Doctor,540891,80192.0,67.0,0,Personal Auto,Four-Door Car,95.193157
FU99476,Washington,M,High School or Below,677030,74422.0,85.0,1,Personal Auto,Four-Door Car,95.338505
AG85615,Oregon,M,College,2414387,0.0,87.0,0,Special Auto,Four-Door Car,626.4
OY74069,Arizona,F,College,353805,0.0,67.0,5,Personal Auto,Four-Door Car,321.6
DJ91267,Nevada,F,Bachelor,2909123,34226.0,244.0,0,Personal Auto,Luxury,494.395024
KB72438,California,F,High School or Below,1983420,65989.0,123.0,1,Personal Auto,SUV,115.545086
TR67616,Oregon,M,High School or Below,473136,30686.0,61.0,0,Corporate Auto,Four-Door Car,19.938981
GF65731,California,F,Master,3553784,0.0,113.0,0,Personal Auto,Luxury,799.926741
HB67642,Arizona,F,High School or Below,3461137,20090.0,109.0,0,Personal Auto,Luxury,523.2
DP84567,California,M,High School or Below,2021630,0.0,183.0,0,Personal Auto,Luxury,878.4
VV77534,Oregon,M,College,1397651,77094.0,176.0,0,Personal Auto,SUV,444.470676
GL67540,California,F,College,590408,97413.0,73.0,0,Personal Auto,Four-Door Car,268.819985
SV50502,Oregon,F,Master,559583,79189.0,69.0,0,Corporate Auto,Four-Door Car,331.2
UK59698,California,F,High School or Below,229430,0.0,62.0,0,Personal Auto,Two-Door Car,297.6
OA57352,Arizona,F,College,627391,18577.0,86.0,0,Personal Auto,Four-Door Car,412.8
ZF84449,Oregon,F,College,372672,0.0,112.0,1,Special Auto,Luxury,806.4
AX86150,Washington,M,High School or Below,265671,62777.0,67.0,0,Personal Auto,Two-Door Car,101.288069
HG39060,Oregon,M,Bachelor,511068,0.0,74.0,0,Corporate Auto,Four-Door Car,532.8
EM29359,Nevada,M,College,712659,17483.0,183.0,0,Personal Auto,Luxury,1317.6
SF57173,Oregon,M,Master,460163,84394.0,114.0,0,Personal Auto,SUV,691.412378
OT47603,Oregon,M,College,915523,0.0,127.0,0,Personal Auto,Luxury,804.811859
SW31412,Oregon,F,College,1480805,41440.0,62.0,1,Personal Auto,Four-Door Car,297.6
JS36322,Arizona,M,High School or Below,890167,0.0,136.0,1,Personal Auto,Luxury,1090.86434
RE81445,Oregon,F,College,573459,98132.0,71.0,0,Personal Auto,Two-Door Car,50.587035
RM24280,Oregon,F,High School or Below,417769,0.0,112.0,0,Personal Auto,Four-Door Car,537.6
LC25393,California,M,Bachelor,2777628,88220.0,230.0,0,Personal Auto,Luxury,151.528482
UX38930,Arizona,F,Master,1036434,58327.0,129.0,0,Personal Auto,SUV,347.075948
HD95496,Oregon,M,Master,785190,25950.0,66.0,0,Personal Auto,Two-Door Car,271.697529
RX24650,Oregon,M,High School or Below,477294,20993.0,133.0,0,Corporate Auto,SUV,638.4
DW19309,Oregon,M,High School or Below,1422650,65726.0,177.0,0,Corporate Auto,SUV,849.6
MT41386,Washington,M,Bachelor,287543,84768.0,72.0,0,Personal Auto,Two-Door Car,110.484661
WZ40465,Washington,F,Bachelor,504129,36234.0,63.0,0,Personal Auto,Four-Door Car,113.534474
DB42794,California,M,College,436293,58842.0,110.0,0,Personal Auto,Four-Door Car,528.0
JB50798,Oregon,F,Master,962452,25629.0,124.0,2,Corporate Auto,Luxury,595.2
IP69763,Washington,F,College,2191440,77311.0,181.0,0,Personal Auto,SUV,113.609508
TE35785,California,M,Doctor,694842,0.0,196.0,2,Personal Auto,Luxury,1337.063487
HX74855,Washington,M,High School or Below,247152,95697.0,61.0,0,Personal Auto,Two-Door Car,114.273025
QN65180,Oregon,F,Bachelor,2190391,22254.0,79.0,0,Personal Auto,Four-Door Car,125.194389
GE47180,Nevada,M,High School or Below,902882,65974.0,113.0,0,Personal Auto,Luxury,235.220971
VQ38776,Oregon,F,College,530375,0.0,76.0,0,Personal Auto,Four-Door Car,395.34111
BH86846,Washington,M,High School or Below,2070825,92079.0,65.0,1,Corporate Auto,Four-Door Car,114.798771
IN17648,Nevada,M,High School or Below,512376,0.0,74.0,0,Personal Auto,Two-Door Car,772.798511
DF95759,Oregon,M,College,949234,0.0,132.0,0,Personal Auto,SUV,633.6
QG45324,Oregon,F,High School or Below,820486,0.0,73.0,0,Personal Auto,Four-Door Car,350.4
MN61620,Arizona,F,College,987729,67752.0,131.0,4,Personal Auto,Luxury,168.517149
YH86390,California,F,Bachelor,481500,25398.0,64.0,0,Corporate Auto,Four-Door Car,307.2
FY13480,California,M,High School or Below,627701,0.0,88.0,0,Personal Auto,Four-Door Car,633.6
YH61661,California,M,High School or Below,826063,33321.0,105.0,0,Special Auto,SUV,504.0
NL93182,Nevada,M,Bachelor,254945,0.0,78.0,0,Corporate Auto,Four-Door Car,845.654042
WE68644,Oregon,F,Bachelor,380392,20325.0,100.0,0,Personal Auto,Luxury,668.29397
EZ30498,Oregon,M,Bachelor,863540,13129.0,117.0,0,Personal Auto,SUV,700.901632
QY74517,Oregon,F,High School or Below,551055,0.0,73.0,0,Personal Auto,Four-Door Car,525.6
NM88660,Nevada,M,Master,358588,49080.0,91.0,0,Corporate Auto,Four-Door Car,25.299
MZ82036,Nevada,M,College,488925,42536.0,63.0,0,Personal Auto,Four-Door Car,375.330097
ID20929,Oregon,M,Bachelor,275694,29926.0,74.0,0,Corporate Auto,Four-Door Car,418.233667
EY50028,Nevada,M,Doctor,328954,0.0,86.0,0,Corporate Auto,Two-Door Car,398.240791
TT82373,California,F,Bachelor,1093717,21450.0,138.0,0,Personal Auto,Luxury,938.513425
OH64088,California,M,High School or Below,737556,33345.0,65.0,0,Corporate Auto,Four-Door Car,338.619869
SK97780,California,F,Bachelor,1011077,15752.0,90.0,0,Corporate Auto,Two-Door Car,339.344531
IO33050,Oregon,F,High School or Below,511941,40169.0,65.0,1,Personal Auto,Four-Door Car,302.818833
XA55917,California,F,College,853383,26049.0,113.0,1,Personal Auto,SUV,619.165344
JK32620,Nevada,M,College,222476,0.0,68.0,0,Personal Auto,Four-Door Car,326.4
RQ19236,Arizona,M,Doctor,804280,55411.0,100.0,0,Personal Auto,Luxury,259.561195
QC47433,Oregon,M,College,255443,12459.0,70.0,0,Personal Auto,Four-Door Car,336.0
RA93608,Oregon,M,Bachelor,1807394,64620.0,76.0,1,Personal Auto,Two-Door Car,364.8
XH97711,California,M,Bachelor,243050,83140.0,61.0,0,Corporate Auto,Four-Door Car,179.161843
AU96286,Oregon,F,Bachelor,316765,0.0,92.0,0,Corporate Auto,Four-Door Car,662.4
KC17170,Arizona,F,Bachelor,546560,54422.0,68.0,0,Corporate Auto,Four-Door Car,75.501852
ZN47335,California,M,College,1035751,68309.0,131.0,0,Corporate Auto,SUV,306.983596
EI46264,California,M,High School or Below,253781,56621.0,65.0,2,Personal Auto,Four-Door Car,84.026848
EK87864,Arizona,F,College,282194,38977.0,70.0,0,Special Auto,Four-Door Car,139.489926
GV45403,Arizona,M,Bachelor,775712,0.0,111.0,0,Corporate Auto,Two-Door Car,607.4459
QK31192,Arizona,M,High School or Below,407913,0.0,114.0,0,Corporate Auto,Two-Door Car,631.124372
LU89008,Arizona,F,College,595554,0.0,83.0,0,Personal Auto,Four-Door Car,628.023494
NS10490,Oregon,F,Bachelor,1415861,83235.0,70.0,0,Personal Auto,Two-Door Car,336.0
KL98495,Nevada,M,College,848723,0.0,74.0,0,Personal Auto,Two-Door Car,426.655599
IU96845,Arizona,M,College,628547,32390.0,80.0,0,Personal Auto,Four-Door Car,91.417923
QL93655,Oregon,F,High School or Below,1147348,66538.0,95.0,0,Personal Auto,Two-Door Car,317.844812
PF40592,Washington,F,College,494263,23285.0,65.0,0,Personal Auto,Two-Door Car,118.446235
LZ34046,Oregon,M,Bachelor,2359468,76358.0,66.0,0,Personal Auto,Four-Door Car,86.461582
JC80093,Washington,M,Master,257250,21104.0,66.0,0,Personal Auto,Four-Door Car,118.454974
YE88490,Arizona,F,College,538089,55350.0,67.0,0,Personal Auto,Four-Door Car,321.6
YC80498,California,F,College,477055,12964.0,65.0,0,Personal Auto,Two-Door Car,362.774545
AI85843,Arizona,F,Master,675665,33288.0,86.0,2,Personal Auto,Four-Door Car,221.856184
XD66024,Arizona,F,College,593601,0.0,84.0,0,Personal Auto,Four-Door Car,980.169081
FY51713,Arizona,F,Bachelor,357076,56168.0,88.0,0,Personal Auto,Four-Door Car,614.675906
PH26378,California,M,College,601996,0.0,92.0,0,Personal Auto,Four-Door Car,662.4
WQ18638,Oregon,M,High School or Below,542686,23105.0,69.0,0,Personal Auto,Two-Door Car,331.2
KY14688,Oregon,F,Master,273031,36218.0,68.0,0,Personal Auto,Four-Door Car,145.252168
TC97762,California,F,High School or Below,498268,52275.0,62.0,0,Corporate Auto,Four-Door Car,374.240783
QC87108,Oregon,F,College,876926,49665.0,74.0,0,Personal Auto,Four-Door Car,355.2
CX12134,Nevada,M,High School or Below,422061,32471.0,110.0,0,Personal Auto,Two-Door Car,528.0
SM73248,Arizona,M,High School or Below,1153750,0.0,86.0,1,Corporate Auto,Two-Door Car,619.2
CK19789,California,F,Master,588718,62773.0,73.0,0,Personal Auto,Four-Door Car,80.669257
UV12583,California,F,College,470058,76694.0,117.0,0,Personal Auto,SUV,561.6
JC11405,Oregon,M,High School or Below,1096395,55687.0,276.0,0,Personal Auto,Luxury,1324.8
KA89683,Arizona,F,High School or Below,252317,0.0,70.0,0,Personal Auto,Four-Door Car,504.0
BG85305,Nevada,M,Doctor,375780,36633.0,96.0,1,Personal Auto,Four-Door Car,460.8
UQ87917,Oregon,M,High School or Below,1294173,77060.0,106.0,0,Personal Auto,SUV,468.566133
XN11823,Nevada,F,Bachelor,376446,92600.0,94.0,0,Corporate Auto,Two-Door Car,842.43785
OS46571,California,M,High School or Below,688955,0.0,66.0,0,Personal Auto,Four-Door Car,475.2
PX17116,Nevada,M,College,362345,0.0,111.0,2,Corporate Auto,SUV,1171.93117
RP19541,Arizona,M,College,758211,64801.0,64.0,0,Personal Auto,Four-Door Car,268.471802
ZR25747,Oregon,F,College,827774,45257.0,103.0,0,Corporate Auto,Two-Door Car,494.4
NQ86532,California,M,High School or Below,257645,26854.0,66.0,0,Personal Auto,Four-Door Car,475.2
JY27336,Oregon,F,College,820538,85840.0,102.0,2,Corporate Auto,SUV,138.722385
PB54378,Oregon,F,Doctor,1958246,26463.0,72.0,0,Corporate Auto,Four-Door Car,345.6
SV38190,Nevada,F,Bachelor,648152,30689.0,81.0,0,Personal Auto,Four-Door Car,467.24802
CV24005,Oregon,M,High School or Below,259931,29590.0,66.0,0,Corporate Auto,Two-Door Car,467.503236
EX28656,Oregon,F,College,983033,25965.0,253.0,0,Personal Auto,Luxury,1214.4
CF57022,Oregon,M,Bachelor,1044265,17269.0,139.0,0,Personal Auto,SUV,667.2
GM16780,Oregon,M,College,3605753,90330.0,137.0,3,Corporate Auto,Luxury,192.085299
BX94438,California,F,High School or Below,847003,0.0,113.0,0,Corporate Auto,SUV,619.973889
RM41745,California,F,High School or Below,827878,0.0,110.0,0,Personal Auto,Four-Door Car,1002.782553
XR70252,California,F,High School or Below,478893,0.0,67.0,1,Personal Auto,Two-Door Car,321.6
YH92099,Arizona,F,Bachelor,308799,18558.0,80.0,0,Special Auto,Four-Door Car,384.0
SG81493,Arizona,M,Bachelor,444373,46384.0,113.0,0,Corporate Auto,Four-Door Car,251.774574
ZX23819,Oregon,F,High School or Below,798408,0.0,72.0,0,Personal Auto,Two-Door Car,866.208321
FJ54907,Oregon,F,College,718097,42303.0,180.0,0,Personal Auto,Luxury,1210.920949
CU26127,California,F,Bachelor,1565603,71731.0,130.0,0,Corporate Auto,SUV,599.648466
YH60476,Oregon,M,High School or Below,578018,51066.0,74.0,0,Corporate Auto,Four-Door Car,787.993313
ZZ97035,California,M,College,2071494,0.0,203.0,0,Corporate Auto,Luxury,2027.724442
GE82737,Nevada,F,Bachelor,533735,0.0,86.0,3,Personal Auto,Four-Door Car,619.2
KY21873,Arizona,M,College,505082,0.0,69.0,0,Personal Auto,Two-Door Car,72.852047
UA51318,Arizona,F,High School or Below,511662,26173.0,68.0,1,Corporate Auto,Four-Door Car,449.819671
BV55014,Oregon,M,Bachelor,726873,24445.0,63.0,0,Personal Auto,Two-Door Car,302.4
HX21307,Oregon,M,College,261661,72302.0,66.0,0,Personal Auto,Two-Door Car,316.8
LQ68252,Oregon,M,High School or Below,373843,27208.0,102.0,0,Personal Auto,SUV,489.6
CR92802,California,F,Master,272535,36650.0,69.0,1,Special Auto,Four-Door Car,56.60333
SL35268,Arizona,M,College,545386,30855.0,68.0,0,Corporate Auto,Four-Door Car,259.060862
RD62882,Arizona,F,Bachelor,684615,0.0,95.0,0,Personal Auto,Two-Door Car,456.0
JS42382,Oregon,M,Master,617291,99960.0,76.0,0,Corporate Auto,Four-Door Car,364.8
BT30554,Arizona,F,Bachelor,1034632,0.0,98.0,0,Personal Auto,Four-Door Car,470.4
VP57424,Nevada,F,Bachelor,699700,55873.0,88.0,0,Personal Auto,Four-Door Car,299.356083
VU19243,Arizona,F,High School or Below,419625,18052.0,111.0,0,Personal Auto,Four-Door Car,699.1679
TA82973,Oregon,F,High School or Below,785810,28937.0,104.0,2,Personal Auto,SUV,117.959654
GK71720,Oregon,F,High School or Below,606434,0.0,86.0,0,Personal Auto,Four-Door Car,545.240341
OQ61223,California,M,College,1749752,0.0,73.0,0,Personal Auto,Two-Door Car,350.4
LL62746,Oregon,M,Doctor,897064,12829.0,118.0,0,Personal Auto,SUV,328.231432
JQ56711,Oregon,F,Master,592311,92163.0,73.0,0,Personal Auto,Two-Door Car,66.568642
AW77988,Oregon,M,High School or Below,3585059,17588.0,192.0,0,Personal Auto,Luxury,1382.4
QP84605,Washington,F,Bachelor,870984,41546.0,111.0,0,Corporate Auto,Four-Door Car,121.306839
MY97912,Arizona,M,College,1330933,0.0,127.0,0,Personal Auto,SUV,609.6
IB87349,California,M,High School or Below,452850,70340.0,113.0,0,Special Auto,Four-Door Car,542.4
AW73065,Oregon,F,High School or Below,279190,0.0,74.0,0,Personal Auto,Four-Door Car,532.8
BW80872,Washington,M,High School or Below,443441,34549.0,111.0,0,Personal Auto,Four-Door Car,125.933005
PX70175,Arizona,M,College,799600,93459.0,99.0,0,Personal Auto,Four-Door Car,655.41333
KF75098,Arizona,M,Bachelor,512973,86148.0,65.0,2,Personal Auto,Four-Door Car,312.0
IS50283,California,F,Bachelor,569717,27048.0,72.0,0,Corporate Auto,Four-Door Car,345.6
MY64920,Oregon,F,College,921713,73259.0,115.0,0,Personal Auto,SUV,673.34265
KN34250,Oregon,F,College,1020892,35482.0,129.0,0,Corporate Auto,SUV,619.2
GN46207,Oregon,F,Master,417068,29462.0,107.0,1,Personal Auto,SUV,513.6
KL57176,Oregon,F,College,450540,67801.0,115.0,1,Personal Auto,SUV,23.810491
MN94234,California,M,High School or Below,310756,0.0,94.0,4,Personal Auto,Two-Door Car,451.2
JY90595,Arizona,M,High School or Below,552866,16042.0,73.0,0,Personal Auto,Two-Door Car,350.4
HK26543,California,M,High School or Below,504586,28056.0,64.0,1,Personal Auto,Four-Door Car,307.2
PN86062,California,M,High School or Below,296272,16495.0,85.0,3,Corporate Auto,Four-Door Car,408.0
VW27730,California,F,Master,866595,41163.0,108.0,0,Corporate Auto,SUV,231.922173
SH55671,Arizona,F,College,1141344,0.0,161.0,1,Personal Auto,Luxury,772.8
MO56878,California,M,Bachelor,1548843,33799.0,109.0,3,Corporate Auto,SUV,664.980242
VO38365,Washington,F,College,886114,90125.0,110.0,0,Corporate Auto,SUV,128.645946
SV35618,Oregon,F,Bachelor,593474,87747.0,147.0,1,Personal Auto,SUV,46.492039
RX12347,Nevada,M,College,354323,35695.0,90.0,0,Personal Auto,Four-Door Car,432.0
FR55658,California,M,Master,349002,90985.0,87.0,0,Personal Auto,Four-Door Car,78.085149
XS12556,California,F,College,368309,0.0,101.0,0,Corporate Auto,Luxury,564.466556
ZU73588,California,M,College,598977,66839.0,154.0,0,Personal Auto,Luxury,739.2
WT43034,California,F,High School or Below,1250084,0.0,165.0,0,Personal Auto,SUV,792.0
VM13430,Oregon,F,Bachelor,860915,79090.0,107.0,0,Corporate Auto,SUV,289.040734
TC78849,Oregon,M,Bachelor,249745,24825.0,64.0,0,Personal Auto,Two-Door Car,155.938593
VC34764,California,M,College,701917,26806.0,63.0,0,Personal Auto,Four-Door Car,302.4
WO90953,Oregon,F,College,538792,56835.0,67.0,0,Personal Auto,Two-Door Car,326.549425
IU47468,Oregon,F,Bachelor,616555,0.0,88.0,0,Special Auto,Two-Door Car,653.65668
KO46064,California,M,Bachelor,273020,46135.0,69.0,0,Personal Auto,Four-Door Car,103.935601
RB34917,Arizona,F,Bachelor,516211,0.0,73.0,0,Personal Auto,Four-Door Car,809.532341
BI38192,Oregon,F,High School or Below,793706,22862.0,67.0,0,Personal Auto,Two-Door Car,321.6
PU18983,Oregon,F,High School or Below,860815,21450.0,110.0,2,Personal Auto,Luxury,528.0
SW79912,Oregon,M,Bachelor,263254,95854.0,65.0,0,Personal Auto,Two-Door Car,312.0
ES39217,Oregon,F,Bachelor,778500,44897.0,99.0,1,Personal Auto,Four-Door Car,580.72531
KP72427,Washington,M,High School or Below,2163983,64455.0,108.0,0,Personal Auto,SUV,133.735395
UA19178,Oregon,F,Master,498082,53265.0,62.0,0,Personal Auto,Four-Door Car,238.005074
PR53785,Arizona,F,High School or Below,745723,0.0,198.0,1,Personal Auto,Luxury,1577.674417
XF57481,Washington,M,Master,1064093,50450.0,90.0,0,Personal Auto,Two-Door Car,135.892444
CN90378,California,F,High School or Below,686250,54780.0,88.0,3,Personal Auto,Four-Door Car,135.26125
KI56154,Nevada,M,High School or Below,904898,0.0,119.0,0,Personal Auto,Luxury,571.2
UI55951,California,M,Bachelor,554803,67798.0,69.0,0,Personal Auto,Four-Door Car,331.2
FF28650,Oregon,M,Bachelor,831268,21442.0,118.0,0,Personal Auto,SUV,566.4
FS55302,California,M,Bachelor,238998,27615.0,62.0,1,Personal Auto,Four-Door Car,297.6
TN79487,California,M,Bachelor,445811,17622.0,65.0,1,Personal Auto,Four-Door Car,312.0
HG32616,Nevada,M,High School or Below,529574,50200.0,135.0,0,Personal Auto,Luxury,637.063458
UK41984,Arizona,F,Doctor,383960,0.0,112.0,2,Personal Auto,SUV,537.6
LZ52266,California,F,High School or Below,373150,0.0,96.0,0,Personal Auto,Four-Door Car,460.8
PM27367,California,F,Master,277890,73570.0,70.0,1,Special Auto,Two-Door Car,75.936096
ZK21724,Oregon,F,High School or Below,401654,0.0,111.0,0,Personal Auto,SUV,799.2
BH35482,Washington,M,Doctor,493094,70412.0,61.0,0,Corporate Auto,Two-Door Car,136.291083
QE22757,Nevada,M,Doctor,249131,36631.0,62.0,0,Personal Auto,Four-Door Car,67.530904
ON77649,Oregon,F,College,290887,35895.0,73.0,0,Personal Auto,Four-Door Car,312.921256
RN82884,Arizona,F,College,428294,40864.0,109.0,1,Personal Auto,SUV,166.937747
CQ75652,Oregon,M,College,834162,0.0,118.0,0,Personal Auto,Four-Door Car,566.4
FF58467,Arizona,F,Master,509078,93018.0,63.0,0,Personal Auto,Four-Door Car,135.382194
BS83666,Oregon,M,Bachelor,736618,70014.0,62.0,0,Corporate Auto,Four-Door Car,17.742954
WO29605,Oregon,F,College,243687,48875.0,61.0,0,Personal Auto,Two-Door Car,1.838367
TL77607,California,M,Bachelor,885268,67969.0,74.0,0,Personal Auto,Four-Door Car,197.776009
EZ50606,Oregon,F,High School or Below,2387547,0.0,108.0,0,Corporate Auto,SUV,612.102262
OS39723,Oregon,F,Doctor,560049,68665.0,69.0,0,Personal Auto,Two-Door Car,331.2
FN69743,California,M,College,463654,26802.0,66.0,1,Corporate Auto,Two-Door Car,316.8
XW96958,Nevada,M,High School or Below,757334,0.0,110.0,0,Corporate Auto,Four-Door Car,1193.036154
TU92578,California,M,College,1469663,45345.0,125.0,0,Personal Auto,SUV,600.0
TL43709,Washington,M,Bachelor,897214,89689.0,74.0,0,Personal Auto,Four-Door Car,136.829537
YE68736,California,F,Bachelor,772484,32051.0,193.0,1,Personal Auto,SUV,926.4
OB96537,Oregon,M,Master,594667,81139.0,74.0,0,Special Auto,Four-Door Car,392.6364
EU68825,Oregon,F,Master,800054,63834.0,100.0,1,Personal Auto,Luxury,215.226476
CC31456,Arizona,M,Bachelor,645756,37548.0,81.0,0,Special Auto,Four-Door Car,160.598662
DJ77787,Arizona,F,High School or Below,728144,0.0,69.0,3,Personal Auto,Four-Door Car,371.803029
LN26837,California,M,High School or Below,259243,72421.0,65.0,0,Personal Auto,Four-Door Car,312.0
YI92916,Nevada,M,Master,467842,83102.0,116.0,0,Corporate Auto,Four-Door Car,443.670399
NW54906,Oregon,M,College,1386992,28432.0,118.0,0,Personal Auto,SUV,612.300581
ME77513,Nevada,F,Master,871777,83707.0,108.0,0,Corporate Auto,Four-Door Car,290.391526
UK76891,California,F,College,523398,63259.0,65.0,0,Corporate Auto,Four-Door Car,316.795337
SI26888,Nevada,F,High School or Below,476418,0.0,67.0,0,Personal Auto,Four-Door Car,405.527937
YD74948,Oregon,F,College,247246,63860.0,62.0,0,Personal Auto,Four-Door Car,208.598246
HB64268,Washington,M,Bachelor,281369,43836.0,73.0,0,Personal Auto,Four-Door Car,138.130879
BW52697,California,F,College,550505,86132.0,68.0,0,Personal Auto,Two-Door Car,301.437365
NL41409,Oregon,F,Bachelor,260620,28519.0,66.0,0,Personal Auto,Two-Door Car,456.473115
OD69005,Arizona,F,High School or Below,1048194,39102.0,88.0,0,Personal Auto,Four-Door Car,152.338562
ZZ91716,California,F,Bachelor,325676,0.0,89.0,0,Personal Auto,Four-Door Car,491.755368
UK70255,California,F,College,3047578,97298.0,128.0,0,Personal Auto,Luxury,48.517439
QT25383,Nevada,M,High School or Below,636490,41986.0,84.0,2,Personal Auto,Two-Door Car,430.375049
AW18068,Arizona,M,High School or Below,946850,0.0,88.0,0,Personal Auto,Two-Door Car,633.6
NS45347,Oregon,F,College,563145,17291.0,73.0,0,Personal Auto,Four-Door Car,350.4
FV19421,California,M,Bachelor,778099,0.0,74.0,0,Personal Auto,Four-Door Car,246.489123
XW89091,California,M,College,981652,37256.0,62.0,0,Personal Auto,Four-Door Car,128.969729
YC11951,Oregon,M,High School or Below,751913,96306.0,95.0,1,Corporate Auto,Four-Door Car,185.355353
UY18770,California,F,Bachelor,1017971,14290.0,271.0,0,Personal Auto,Luxury,1300.8
RA49085,California,F,College,277283,37038.0,71.0,1,Corporate Auto,Four-Door Car,9.071305
BG84194,Oregon,M,College,403750,90760.0,103.0,2,Special Auto,SUV,133.475315
PT64580,Washington,M,Master,419196,77048.0,103.0,0,Personal Auto,SUV,141.199465
MR67738,Oregon,F,High School or Below,267686,54480.0,67.0,0,Personal Auto,Four-Door Car,321.6
DM95829,California,M,College,252395,16244.0,68.0,0,Personal Auto,Two-Door Car,623.223617
DB75522,California,F,College,698840,22436.0,89.0,0,Special Auto,Four-Door Car,427.2
LM34525,Washington,F,College,874205,71592.0,72.0,0,Personal Auto,Four-Door Car,141.725051
WW30771,Arizona,M,Master,267331,28728.0,67.0,0,Personal Auto,Four-Door Car,321.6
QP65569,Arizona,M,High School or Below,1215732,57449.0,103.0,0,Personal Auto,Four-Door Car,494.4
TN50051,California,F,Doctor,295776,83318.0,73.0,0,Personal Auto,Two-Door Car,211.336937
UO86707,Washington,M,Bachelor,717390,75217.0,61.0,1,Personal Auto,Four-Door Car,147.080303
JA41698,Nevada,M,Bachelor,309953,0.0,102.0,5,Corporate Auto,SUV,862.762957
NX18774,Oregon,M,Bachelor,841568,55308.0,107.0,0,Corporate Auto,SUV,513.6
DA69469,Oregon,F,College,2684312,36068.0,97.0,0,Personal Auto,Two-Door Car,113.367765
CN23147,Oregon,M,Bachelor,1305717,48804.0,112.0,1,Corporate Auto,Four-Door Car,537.6
RA68844,Oregon,M,College,959995,0.0,131.0,0,Personal Auto,SUV,943.2
GH42026,Oregon,M,Bachelor,853510,55790.0,111.0,0,Personal Auto,SUV,117.672722
BD16530,Arizona,F,Bachelor,829348,70258.0,69.0,0,Personal Auto,Four-Door Car,225.145949
JH91579,Oregon,F,Bachelor,684615,0.0,95.0,0,Personal Auto,Two-Door Car,456.0
WK23685,Oregon,F,Bachelor,663685,47274.0,83.0,1,Corporate Auto,Four-Door Car,182.432565
GR62267,Washington,F,College,560908,44705.0,71.0,0,Personal Auto,Two-Door Car,148.173152
PI78084,Arizona,M,High School or Below,507732,0.0,73.0,0,Personal Auto,Two-Door Car,525.6
GF97874,Washington,F,Master,527562,70446.0,65.0,0,Personal Auto,Four-Door Car,155.570802
ZH19885,Washington,F,High School or Below,251459,43860.0,65.0,0,Personal Auto,Four-Door Car,156.124914
UK25655,Oregon,F,Bachelor,343525,64348.0,86.0,0,Personal Auto,Two-Door Car,212.391975
QR45101,Oregon,M,Bachelor,662461,0.0,62.0,0,Corporate Auto,Two-Door Car,297.6
EL93539,California,M,Master,575744,88997.0,72.0,0,Special Auto,Four-Door Car,174.041566
EE99484,Washington,F,High School or Below,251459,43860.0,65.0,0,Corporate Auto,Four-Door Car,156.124914
DP46882,California,F,High School or Below,288645,10312.0,78.0,0,Corporate Auto,Four-Door Car,486.278557
WP41146,California,F,High School or Below,534143,0.0,72.0,1,Personal Auto,Four-Door Car,345.6
TK60799,Arizona,F,High School or Below,416001,96263.0,103.0,0,Personal Auto,SUV,1.924709
DN29808,California,F,College,284624,28919.0,72.0,0,Corporate Auto,Four-Door Car,518.4
SS59521,Oregon,F,College,477025,0.0,68.0,1,Personal Auto,Two-Door Car,326.4
NG66579,Oregon,M,Bachelor,505961,41869.0,64.0,0,Personal Auto,Two-Door Car,262.12205
TC14209,Arizona,F,High School or Below,909574,0.0,128.0,0,Personal Auto,SUV,921.6
ED50963,California,F,High School or Below,268886,32808.0,68.0,1,Personal Auto,Four-Door Car,541.695658
GP40701,California,F,Bachelor,827763,79780.0,68.0,0,Personal Auto,Four-Door Car,326.4
CP98451,Oregon,F,College,905793,91025.0,112.0,0,Personal Auto,SUV,327.682669
NX52648,California,F,High School or Below,380175,33043.0,95.0,0,Personal Auto,Two-Door Car,456.0
ZC32510,Arizona,M,High School or Below,933934,69442.0,118.0,3,Personal Auto,Four-Door Car,1265.570302
NG27780,Oregon,M,College,252012,0.0,70.0,0,Corporate Auto,Four-Door Car,63.043197
HN95240,Arizona,F,College,498409,0.0,70.0,0,Corporate Auto,Four-Door Car,336.0
EB59129,Oregon,F,Bachelor,259574,47234.0,65.0,0,Personal Auto,Four-Door Car,15.631363
RA70851,Oregon,M,High School or Below,743769,86863.0,92.0,0,Personal Auto,Four-Door Car,441.6
PM19162,Oregon,M,Bachelor,1453678,25805.0,66.0,2,Personal Auto,Four-Door Car,375.866091
MS59005,Nevada,M,Bachelor,591330,43676.0,76.0,0,Personal Auto,Four-Door Car,364.8
SU71163,Arizona,M,College,277166,59855.0,74.0,4,Personal Auto,Two-Door Car,355.2
BD35676,Arizona,M,Master,2919436,35296.0,126.0,0,Personal Auto,SUV,452.616872
NI44621,Oregon,F,Master,988038,36576.0,125.0,1,Personal Auto,SUV,113.450122
EW33419,California,F,High School or Below,1511440,28513.0,100.0,1,Corporate Auto,SUV,480.0
HX44948,Oregon,M,Bachelor,575991,85448.0,72.0,0,Special Auto,Four-Door Car,16.03451
DL36983,Oregon,F,High School or Below,849516,23791.0,110.0,3,Personal Auto,Two-Door Car,615.27228
XR87264,California,F,Bachelor,438118,20597.0,112.0,0,Personal Auto,Four-Door Car,615.256301
NN99001,Arizona,F,College,699782,56940.0,87.0,0,Personal Auto,Four-Door Car,512.66245
XV95530,Oregon,M,Bachelor,1143058,93210.0,71.0,0,Personal Auto,Two-Door Car,74.523935
OL97871,Oregon,F,Bachelor,748248,48992.0,94.0,1,Personal Auto,Four-Door Car,426.072946
HQ23708,Arizona,F,Master,859691,53736.0,71.0,0,Personal Auto,Two-Door Car,169.287785
WR63188,Arizona,M,College,785496,25378.0,66.0,1,Personal Auto,Four-Door Car,419.464143
NG82219,Oregon,F,Bachelor,258240,76731.0,64.0,0,Personal Auto,Four-Door Car,201.455005
KU29408,Washington,M,Master,907576,37722.0,116.0,0,Corporate Auto,Luxury,158.077504
RE46783,California,F,Bachelor,411858,69379.0,103.0,0,Personal Auto,Two-Door Car,494.4
RU94434,Oregon,M,High School or Below,1215732,57449.0,103.0,0,Personal Auto,Four-Door Car,494.4
GI82355,Arizona,M,Bachelor,515281,0.0,68.0,0,Corporate Auto,Four-Door Car,326.4
VO26340,Nevada,M,College,651297,0.0,93.0,0,Personal Auto,Two-Door Car,669.6
NV61299,Arizona,F,Bachelor,2778969,33806.0,89.0,0,Corporate Auto,Four-Door Car,395.729716
DX31066,Washington,F,College,266727,94041.0,66.0,0,Personal Auto,Four-Door Car,159.756733
CY50337,Oregon,F,College,1092840,74965.0,90.0,0,Personal Auto,Four-Door Car,58.557552
TJ20375,Arizona,F,High School or Below,761538,34095.0,63.0,0,Personal Auto,Two-Door Car,302.4
EP72155,California,F,College,200435,0.0,66.0,4,Personal Auto,Four-Door Car,316.8
JJ76159,California,M,College,243468,96045.0,61.0,0,Corporate Auto,Four-Door Car,8.582971
BG15419,Nevada,F,Bachelor,1419536,86355.0,118.0,0,Personal Auto,Luxury,285.418473
AO74776,California,F,High School or Below,942768,27824.0,118.0,0,Personal Auto,SUV,566.4
HQ82233,California,M,High School or Below,1198242,42995.0,101.0,0,Personal Auto,SUV,410.508316
OL72737,Oregon,F,High School or Below,310278,21235.0,79.0,0,Personal Auto,Two-Door Car,244.23135
ZQ59828,California,M,High School or Below,422263,74585.0,106.0,0,Personal Auto,SUV,218.598065
NZ15548,Oregon,M,Bachelor,402381,41833.0,103.0,0,Personal Auto,Four-Door Car,643.826716
XK61304,California,F,College,529715,23908.0,70.0,0,Personal Auto,Four-Door Car,336.0
EJ44139,Oregon,M,Bachelor,2142363,0.0,65.0,0,Personal Auto,Two-Door Car,312.0
CM94425,Arizona,M,Bachelor,441620,61953.0,113.0,0,Personal Auto,SUV,497.047297
OV54878,California,M,Bachelor,463903,0.0,142.0,0,Corporate Auto,SUV,1022.4
JF57282,Nevada,M,Bachelor,486354,0.0,137.0,0,Personal Auto,SUV,657.6
MY37953,Arizona,F,Bachelor,2583090,73760.0,107.0,1,Personal Auto,Luxury,230.245772
XP64922,Oregon,F,College,297431,23333.0,74.0,0,Corporate Auto,Four-Door Car,5.622751
WL65572,California,M,College,206445,0.0,61.0,0,Personal Auto,Four-Door Car,292.8
LN50325,Arizona,F,High School or Below,1006460,20440.0,128.0,2,Corporate Auto,Luxury,614.4
HJ15383,Washington,M,Master,803240,27658.0,68.0,0,Personal Auto,Four-Door Car,160.07526
KH59823,California,M,College,548921,50943.0,139.0,0,Special Auto,SUV,667.2
YM79169,California,M,Bachelor,261275,19003.0,71.0,0,Personal Auto,Two-Door Car,34.651305
DR38127,California,M,College,857346,46703.0,108.0,0,Personal Auto,Four-Door Car,678.100487
PU42145,California,M,Bachelor,2412750,14072.0,71.0,0,Personal Auto,Four-Door Car,511.2
KM33477,Oregon,M,College,855038,21733.0,73.0,0,Corporate Auto,Four-Door Car,525.6
RI53167,Arizona,M,Bachelor,230864,20811.0,61.0,0,Personal Auto,Four-Door Car,292.8
OF77789,Arizona,F,High School or Below,425462,11904.0,61.0,2,Personal Auto,Two-Door Car,292.8
YB33445,Oregon,F,College,898285,43490.0,114.0,4,Corporate Auto,SUV,174.588413
BA17836,California,M,High School or Below,786816,57340.0,67.0,0,Corporate Auto,Four-Door Car,159.391681
JS43228,California,M,College,770424,49088.0,97.0,0,Corporate Auto,Four-Door Car,698.4
BB11622,Nevada,M,Master,1055217,47761.0,131.0,0,Personal Auto,SUV,232.711071
HQ70429,Washington,F,College,1604510,0.0,65.0,0,Personal Auto,Two-Door Car,163.046956
WK88044,Arizona,M,Bachelor,873783,61281.0,110.0,0,Personal Auto,SUV,79.865605
LA80525,Nevada,M,Bachelor,545489,0.0,82.0,1,Corporate Auto,Two-Door Car,393.6
EH16250,Arizona,M,Bachelor,770528,25290.0,66.0,0,Personal Auto,Four-Door Car,382.085897
PU41872,Arizona,F,High School or Below,703926,24239.0,88.0,0,Personal Auto,Four-Door Car,48.348319
HB85743,California,M,Bachelor,883808,82664.0,114.0,3,Personal Auto,SUV,133.425609
MM71959,Arizona,M,Bachelor,873352,83210.0,110.0,0,Personal Auto,Luxury,528.0
MB83663,Oregon,F,Bachelor,959747,38736.0,81.0,0,Personal Auto,Two-Door Car,561.414794
KR43119,California,M,College,450666,0.0,66.0,0,Personal Auto,Four-Door Car,316.8
KH24214,Oregon,M,College,1785797,55437.0,64.0,1,Personal Auto,Four-Door Car,445.287788
AC40767,Washington,M,Bachelor,249780,68041.0,6464.0,0,Personal Auto,Two-Door Car,165.570243
HP55391,Oregon,M,Master,542613,0.0,71.0,0,Corporate Auto,Four-Door Car,407.99684
EG62398,California,F,High School or Below,799814,29066.0,100.0,0,Personal Auto,SUV,844.229478
VS19949,Nevada,M,Bachelor,289762,54337.0,72.0,0,Personal Auto,Four-Door Car,345.6
AM92343,Oregon,F,High School or Below,1159950,67616.0,96.0,0,Personal Auto,Four-Door Car,340.306584
GI68556,California,F,Bachelor,1514793,41082.0,63.0,0,Personal Auto,Two-Door Car,106.647493
JT11876,Washington,F,High School or Below,543576,0.0,10202.0,0,Personal Auto,Four-Door Car,626.116259
XR64251,Nevada,F,Master,272535,36650.0,69.0,1,Personal Auto,Four-Door Car,56.60333
MK34957,Oregon,F,College,1329771,50631.0,112.0,4,Special Auto,SUV,784.65781
GP18756,California,M,College,992704,19592.0,92.0,0,Personal Auto,Four-Door Car,441.6
AP23850,Washington,F,High School or Below,1777154,0.0,114.0,0,Personal Auto,Two-Door Car,547.2
KQ65521,Arizona,F,College,1826927,55761.0,115.0,0,Personal Auto,Luxury,86.27772
EJ19449,California,F,College,272221,17576.0,71.0,0,Special Auto,Four-Door Car,398.502948
QB70027,California,F,Bachelor,708321,41449.0,89.0,0,Personal Auto,Four-Door Car,63.516572
QW47320,FCalifornia,F,Bachelor,1017971,14290.0,271.0,0,Personal Auto,Luxury,1300.8
KH64733,Nevada,F,College,588950,62007.0,73.0,0,Personal Auto,Four-Door Car,120.015609
ON59472,Arizona,M,High School or Below,1577139,21921.0,206.0,0,Corporate Auto,Luxury,1254.137899
HP94242,Arizona,F,Bachelor,528817,42621.0,66.0,0,Personal Auto,Four-Door Car,316.8
RV15398,Oregon,M,College,2758055,0.0,87.0,1,Personal Auto,Four-Door Car,417.6
EA25683,Washington,M,High School or Below,777853,63786.0,196.0,0,Corporate Auto,Luxury,798.002689
PW73754,FCalifornia,F,High School or Below,734186,0.0,104.0,3,Personal Auto,Luxury,82.041684
MC71942,FCalifornia,F,High School or Below,791919,82877.0,99.0,1,Personal Auto,Two-Door Car,22.819088
OX72195,Arizona,M,College,216387,0.0,63.0,0,Corporate Auto,Two-Door Car,302.4
YQ99152,Nevada,M,High School or Below,978780,10475.0,88.0,1,Personal Auto,Two-Door Car,422.4
KI19439,Oregon,F,High School or Below,520764,21952.0,66.0,0,Personal Auto,Four-Door Car,316.8
PM76175,Oregon,F,Bachelor,2114727,49721.0,132.0,0,Corporate Auto,Luxury,639.971388
US45383,FCalifornia,M,College,1228076,88340.0,102.0,0,Personal Auto,Two-Door Car,489.6
GT38956,FCalifornia,F,College,244139,0.0,65.0,0,Personal Auto,Four-Door Car,312.0
SN41301,Oregon,M,Bachelor,653556,0.0,65.0,0,Corporate Auto,Four-Door Car,468.0
BE62503,Washington,F,College,920659,24589.0,82.0,0,Personal Auto,Two-Door Car,511.497882
PA16884,FCalifornia,F,Bachelor,411858,69379.0,103.0,0,Personal Auto,Two-Door Car,494.4
NC58480,Nevada,F,Bachelor,483820,73769.0,61.0,2,Personal Auto,Four-Door Car,239.540223
NS39326,FCalifornia,F,College,462554,66670.0,114.0,0,Personal Auto,SUV,518.180364
PN18507,Arizona,M,Bachelor,1404210,88854.0,118.0,0,Personal Auto,Two-Door Car,715.252366
EK91340,Oregon,M,Bachelor,754661,31266.0,193.0,0,Corporate Auto,Luxury,926.4
JY16280,FCalifornia,F,High School or Below,251459,43860.0,65.0,0,Personal Auto,Four-Door Car,156.124914
ZW71731,FCalifornia,M,Bachelor,517035,89284.0,133.0,2,Corporate Auto,SUV,402.070719
ZC24631,Oregon,M,College,1391737,67267.0,89.0,0,Corporate Auto,Four-Door Car,94.814032
YR34689,FCalifornia,F,High School or Below,1131813,79270.0,95.0,3,Personal Auto,Four-Door Car,456.0
RT65829,Oregon,M,Bachelor,427636,36692.0,109.0,1,Personal Auto,Four-Door Car,523.2
BZ12077,Oregon,F,High School or Below,432224,0.0,119.0,0,Personal Auto,SUV,571.2
WM65373,FCalifornia,F,College,800230,0.0,107.0,0,Corporate Auto,SUV,513.6
NH35059,Nevada,M,College,388545,0.0,105.0,0,Corporate Auto,Four-Door Car,504.0
QD38160,Oregon,M,College,447177,0.0,135.0,0,Personal Auto,SUV,972.0
BM15160,FCalifornia,F,High School or Below,849635,44624.0,71.0,1,Special Auto,Four-Door Car,73.883044
VY79030,Arizona,F,College,2250088,0.0,71.0,0,Corporate Auto,Four-Door Car,340.8
EV19512,Nevada,F,Master,1630196,19614.0,85.0,0,Personal Auto,Two-Door Car,574.024018
TE13577,Oregon,F,College,231973,0.0,64.0,0,Personal Auto,Four-Door Car,632.715382
WY97929,Arizona,M,College,871704,83846.0,74.0,3,Special Auto,Four-Door Car,355.2
YG20683,Washington,M,College,286011,51159.0,72.0,0,Personal Auto,Four-Door Car,4.238626
FK75497,FCalifornia,M,College,245340,83772.0,62.0,0,Personal Auto,Two-Door Car,42.248087
NE60110,Arizona,M,College,598977,66839.0,154.0,0,Personal Auto,Luxury,739.2
TN36521,Arizona,F,College,2498022,88440.0,70.0,0,Personal Auto,Two-Door Car,27.145151
HG33568,Arizona,F,Master,748263,25666.0,63.0,2,Personal Auto,Four-Door Car,270.002766
TW17878,Oregon,F,High School or Below,245757,52926.0,61.0,0,Personal Auto,Four-Door Car,292.8
ZO83562,Nevada,F,Bachelor,237974,0.0,67.0,0,Personal Auto,Four-Door Car,494.946438
CH97539,Washington,F,Bachelor,828696,40001.0,70.0,0,Personal Auto,Four-Door Car,142.567008
CV29889,FCalifornia,M,College,239391,0.0,70.0,0,Personal Auto,Four-Door Car,425.266308
MO33320,Oregon,M,College,465715,18024.0,65.0,0,Personal Auto,Two-Door Car,312.0
QZ81258,Oregon,F,College,1319792,0.0,68.0,3,Personal Auto,Four-Door Car,326.4
NY56352,Oregon,F,Bachelor,280391,23220.0,74.0,0,Personal Auto,Four-Door Car,251.334247
EA27048,FCalifornia,F,High School or Below,864650,64125.0,108.0,0,Personal Auto,SUV,369.818708
UT38865,Oregon,F,College,742587,58042.0,62.0,0,Corporate Auto,Four-Door Car,161.419528
QC89139,Oregon,F,High School or Below,452873,90034.0,112.0,0,Corporate Auto,SUV,537.6
LA14484,Nevada,M,High School or Below,222707,27972.0,61.0,0,Special Auto,Four-Door Car,292.8
HN57556,FCalifornia,F,High School or Below,729294,0.0,65.0,0,Personal Auto,Four-Door Car,312.0
CV31235,Arizona,M,Bachelor,318435,50989.0,80.0,0,Corporate Auto,Four-Door Car,255.999709
WR45726,Arizona,F,Bachelor,1131520,11885.0,101.0,0,Special Auto,Four-Door Car,484.8
LB25094,FCalifornia,F,Bachelor,253070,89451.0,63.0,0,Special Auto,Four-Door Car,61.769564
KW56110,Oregon,M,Bachelor,1836155,0.0,182.0,0,Personal Auto,Luxury,1310.4
XO36233,Washington,M,Bachelor,864153,78904.0,109.0,0,Personal Auto,SUV,250.001424
ZX86243,Arizona,M,Doctor,327853,70247.0,83.0,1,Personal Auto,Four-Door Car,141.799422
DW29763,Arizona,M,High School or Below,527198,32653.0,67.0,0,Personal Auto,Two-Door Car,321.6
CT83377,Washington,M,High School or Below,376363,93595.0,97.0,4,Special Auto,Four-Door Car,49.797016
OQ90898,FCalifornia,M,Master,1395556,90279.0,115.0,0,Personal Auto,SUV,372.175592
GO77248,Oregon,F,College,500152,0.0,72.0,0,Personal Auto,Four-Door Car,542.14385
QW33258,FCalifornia,M,Bachelor,708283,53310.0,189.0,3,Personal Auto,Luxury,1360.8
OU79745,FCalifornia,M,College,761948,0.0,105.0,0,Personal Auto,Four-Door Car,504.0
VZ79886,Oregon,F,Bachelor,1255088,22234.0,160.0,0,Personal Auto,SUV,768.0
FI92440,Washington,F,High School or Below,3219660,91375.0,99.0,0,Personal Auto,Two-Door Car,72.632934
YG85980,Nevada,F,High School or Below,679377,22250.0,86.0,0,Personal Auto,Two-Door Car,720.601429
QM74621,Oregon,M,Bachelor,527231,0.0,80.0,0,Personal Auto,Four-Door Car,576.0
EI71732,Oregon,F,Doctor,626534,0.0,84.0,1,Personal Auto,Four-Door Car,481.025786
VN79010,FCalifornia,F,High School or Below,854758,51179.0,71.0,0,Corporate Auto,Four-Door Car,466.176731
FI61723,FCalifornia,M,Bachelor,278742,38667.0,72.0,0,Personal Auto,Four-Door Car,159.266473
OH55411,FCalifornia,F,Master,462680,79487.0,114.0,0,Corporate Auto,SUV,547.2
TF10720,Nevada,F,Doctor,866336,67763.0,107.0,2,Personal Auto,Four-Door Car,41.283167
NW30838,Nevada,M,High School or Below,387222,0.0,62.0,2,Corporate Auto,Four-Door Car,503.808329
CB58476,Oregon,F,College,517081,0.0,71.0,0,Corporate Auto,Four-Door Car,859.599411
WI69346,FCalifornia,F,Master,896028,71943.0,112.0,0,Corporate Auto,SUV,305.653785
FS76657,Oregon,F,College,547183,53526.0,68.0,0,Personal Auto,Four-Door Car,278.902846
YX89016,Oregon,M,College,3493100,35005.0,295.0,0,Personal Auto,Luxury,1416.0
PK28821,FCalifornia,M,College,262039,24721.0,67.0,0,Personal Auto,Four-Door Car,139.963594
MB51200,Washington,M,College,1906949,0.0,102.0,2,Personal Auto,Four-Door Car,734.4
XG44587,Arizona,M,Master,575744,88997.0,72.0,0,Personal Auto,Four-Door Car,174.041566
FG91922,Arizona,M,Master,4022401,48587.0,111.0,0,Personal Auto,SUV,532.8
OM99303,Arizona,F,High School or Below,270148,76310.0,67.0,0,Personal Auto,Two-Door Car,321.6
RV67546,FCalifornia,M,Bachelor,371243,73205.0,92.0,0,Personal Auto,Four-Door Car,37.299865
UJ79253,Oregon,F,College,2185084,51056.0,78.0,0,Personal Auto,Four-Door Car,95.816516
PN98247,FCalifornia,M,College,784016,58414.0,210.0,2,Personal Auto,Luxury,1008.0
IB67546,FCalifornia,F,Bachelor,823703,23940.0,107.0,0,Personal Auto,SUV,513.6
OE19087,FCalifornia,F,High School or Below,224347,0.0,62.0,0,Personal Auto,Four-Door Car,446.4
CM95716,FCalifornia,M,Bachelor,843446,44216.0,71.0,0,Personal Auto,Four-Door Car,72.205362
MW62634,FCalifornia,M,High School or Below,222707,27972.0,61.0,0,Corporate Auto,Four-Door Car,292.8
QW67581,Arizona,F,High School or Below,517002,0.0,69.0,0,Personal Auto,Four-Door Car,331.2
SN16059,FCalifornia,F,Master,264144,29305.0,66.0,0,Personal Auto,Four-Door Car,475.2
OE51254,FCalifornia,F,College,279068,53882.0,69.0,0,Personal Auto,Four-Door Car,331.2
RM42344,Oregon,M,College,274512,91757.0,69.0,1,Personal Auto,Four-Door Car,331.2
GB35238,FCalifornia,F,Bachelor,757953,33906.0,64.0,0,Personal Auto,Two-Door Car,401.592109
ML82674,Oregon,M,Bachelor,1097878,68158.0,139.0,1,Personal Auto,SUV,253.183568
EI85244,FCalifornia,M,College,825506,0.0,134.0,3,Personal Auto,SUV,643.2
DE28132,Oregon,M,College,474773,42165.0,123.0,0,Corporate Auto,SUV,799.673766
TV25678,Washington,M,College,354090,0.0,101.0,0,Personal Auto,SUV,727.2
TY26512,FCalifornia,M,Doctor,343613,30817.0,88.0,0,Personal Auto,Four-Door Car,91.834668
OB69153,FCalifornia,M,Bachelor,258218,68074.0,65.0,0,Personal Auto,Four-Door Car,27.987867
QZ77637,Washington,F,College,1166509,84978.0,35353.0,1,Corporate Auto,Four-Door Car,166.77296
XN41715,FCalifornia,F,Master,739628,71135.0,92.0,1,Personal Auto,Four-Door Car,270.563995
QR15857,FCalifornia,F,College,433079,0.0,61.0,0,Personal Auto,Two-Door Car,292.8
FL69363,Oregon,M,Master,907576,37722.0,116.0,0,Personal Auto,Luxury,158.077504
IS30295,Arizona,F,Bachelor,1463545,0.0,139.0,0,Personal Auto,SUV,667.2
WA25797,Washington,M,High School or Below,856476,95697.0,107.0,0,Personal Auto,Luxury,178.006524
NL59519,FCalifornia,F,College,1156568,64642.0,96.0,0,Personal Auto,Four-Door Car,404.265696
ZU93025,Oregon,F,College,277104,50071.0,71.0,0,Personal Auto,Two-Door Car,18.918935
DK94262,Oregon,M,High School or Below,850712,46754.0,106.0,1,Personal Auto,SUV,513.818403
UQ30615,FCalifornia,M,College,758211,64801.0,64.0,0,Corporate Auto,Four-Door Car,268.471802
OR40060,Arizona,M,Bachelor,332309,70410.0,83.0,0,Personal Auto,Four-Door Car,131.828507
DK32872,Nevada,F,High School or Below,523433,66957.0,131.0,1,Personal Auto,SUV,628.8
FA46418,Nevada,F,High School or Below,2470959,24213.0,78.0,1,Personal Auto,Four-Door Car,374.4
ER19995,Washington,F,College,1778627,99790.0,6464.0,0,Personal Auto,Four-Door Car,178.986788
KI75855,Oregon,M,Master,255122,79751.0,63.0,0,Personal Auto,Two-Door Car,392.235698
ND41876,Arizona,M,High School or Below,724771,86122.0,182.0,1,Personal Auto,Luxury,873.6
PN21042,Arizona,M,Bachelor,453884,82297.0,116.0,0,Personal Auto,Luxury,0.382107
GJ43254,Washington,M,College,3164210,89057.0,98.0,0,Corporate Auto,Two-Door Car,187.363583
AL46984,FCalifornia,M,High School or Below,873042,43259.0,73.0,0,Personal Auto,Four-Door Car,350.4
JP58047,Oregon,M,College,833273,0.0,79.0,0,Personal Auto,Four-Door Car,379.2
ZE85014,FCalifornia,M,College,235774,25064.0,62.0,0,Personal Auto,Four-Door Car,297.6
KU88219,Arizona,M,Master,463716,25816.0,119.0,0,Personal Auto,Luxury,571.2
UU98729,FCalifornia,M,Bachelor,535719,0.0,73.0,0,Personal Auto,Four-Door Car,350.853987
WS82822,Oregon,F,College,539197,41662.0,69.0,0,Corporate Auto,Four-Door Car,217.973168
YB49933,Arizona,M,Bachelor,369414,96170.0,92.0,0,Personal Auto,Four-Door Car,441.6
XC16387,Arizona,F,High School or Below,504041,46072.0,64.0,0,Personal Auto,Four-Door Car,25.934064
XJ96748,Arizona,F,High School or Below,2749542,37931.0,99.0,0,Personal Auto,Four-Door Car,475.2
TM98684,Oregon,M,High School or Below,484228,35127.0,62.0,0,Personal Auto,Four-Door Car,297.6
AY18433,Washington,F,High School or Below,2738281,45473.0,76.0,0,Special Auto,Two-Door Car,188.938397
DM74502,Nevada,F,College,522710,93087.0,131.0,3,Corporate Auto,Luxury,628.8
FT56968,Arizona,M,High School or Below,259009,22398.0,67.0,2,Personal Auto,Four-Door Car,321.6
OX36896,FCalifornia,M,High School or Below,1053607,92983.0,87.0,1,Corporate Auto,Four-Door Car,153.205591
BZ65376,Arizona,M,Bachelor,858127,27689.0,239.0,2,Personal Auto,Luxury,2893.239678
LN34660,FCalifornia,F,College,946311,69654.0,118.0,0,Corporate Auto,SUV,629.532731
JC29295,FCalifornia,F,Bachelor,1344100,80744.0,111.0,0,Personal Auto,SUV,361.284757
KJ87930,FCalifornia,F,Bachelor,388650,0.0,112.0,0,Corporate Auto,SUV,1185.988301
XT36360,Arizona,F,High School or Below,678489,0.0,64.0,1,Personal Auto,Four-Door Car,460.8
IX35050,Arizona,M,Bachelor,2359468,76358.0,66.0,0,Special Auto,Four-Door Car,86.461582
UN97379,Oregon,M,Bachelor,253862,18608.0,71.0,0,Corporate Auto,Four-Door Car,340.8
MR57294,FCalifornia,M,High School or Below,563994,73168.0,70.0,0,Personal Auto,Four-Door Car,425.800112
UG79499,Washington,M,Bachelor,1168137,70930.0,99.0,0,Personal Auto,Four-Door Car,190.43446
UA50747,Washington,F,High School or Below,2599775,62262.0,72.0,0,Corporate Auto,Four-Door Car,193.505325
GL20444,Nevada,F,Master,1377836,91474.0,113.0,0,Corporate Auto,Two-Door Car,24.087774
SP58110,FCalifornia,F,Bachelor,492318,61469.0,63.0,5,Personal Auto,Four-Door Car,302.4
XM91635,Arizona,F,High School or Below,227233,16618.0,62.0,0,Special Auto,Four-Door Car,219.288706
TV82603,FCalifornia,F,Bachelor,1489539,48081.0,188.0,0,Personal Auto,Luxury,881.360959
BB82067,Oregon,M,Doctor,975604,67632.0,121.0,0,Personal Auto,Luxury,26.951627
JP94676,Oregon,F,Bachelor,942297,34115.0,119.0,0,Personal Auto,SUV,466.122541
VU53417,Arizona,M,High School or Below,383735,23051.0,99.0,0,Personal Auto,Two-Door Car,475.2
IW54795,FCalifornia,M,College,1095213,23748.0,99.0,0,Personal Auto,Four-Door Car,607.095655
RN78170,Arizona,F,College,815913,40589.0,69.0,0,Corporate Auto,Four-Door Car,331.2
IX55883,FCalifornia,F,College,1948049,50809.0,83.0,0,Personal Auto,Four-Door Car,290.381707
XM72420,Arizona,F,High School or Below,391936,66676.0,97.0,0,Personal Auto,Four-Door Car,558.099357
GC15104,Nevada,F,Bachelor,798514,52339.0,70.0,3,Corporate Auto,Four-Door Car,336.0
RX13282,Oregon,M,Bachelor,1216874,14973.0,115.0,0,Personal Auto,SUV,828.0
QA85890,Arizona,F,High School or Below,584932,0.0,83.0,0,Corporate Auto,Four-Door Car,540.514115
IR62668,Arizona,F,Bachelor,508583,31546.0,65.0,0,Personal Auto,Four-Door Car,100.049832
AL96740,FCalifornia,F,College,290393,67763.0,73.0,1,Personal Auto,Four-Door Car,59.861963
SS48498,Washington,F,College,627317,20836.0,79.0,0,Corporate Auto,Four-Door Car,193.57032
PE39479,Washington,M,College,1832141,88592.0,76.0,0,Corporate Auto,Four-Door Car,199.79727
JH62891,Oregon,F,College,517870,66943.0,65.0,1,Special Auto,Four-Door Car,53.084753
FI20423,Arizona,F,High School or Below,1402435,81872.0,115.0,0,Special Auto,Four-Door Car,256.43803
PM13394,Washington,F,College,530943,22404.0,70.0,1,Personal Auto,Four-Door Car,211.136067
YV67971,FCalifornia,F,High School or Below,494980,21342.0,62.0,0,Personal Auto,Four-Door Car,74.350893
QD31377,FCalifornia,M,Bachelor,859566,34621.0,108.0,1,Corporate Auto,SUV,621.464468
YG10247,Oregon,M,College,2295189,62396.0,64.0,0,Personal Auto,Four-Door Car,307.2
FE73696,Oregon,M,High School or Below,379213,97212.0,93.0,0,Personal Auto,Two-Door Car,360.05589
SW19699,Arizona,F,Bachelor,275574,49648.0,70.0,0,Personal Auto,Four-Door Car,65.954813
QJ40732,Arizona,M,College,488033,97984.0,61.0,1,Personal Auto,Four-Door Car,407.450118
HM76207,FCalifornia,F,College,905190,26308.0,114.0,0,Corporate Auto,SUV,547.2
NT59303,Oregon,F,College,1011544,63528.0,256.0,0,Personal Auto,Luxury,1228.8
PU41393,Nevada,M,College,826907,20225.0,114.0,1,Special Auto,SUV,547.2
QO86948,Nevada,M,High School or Below,807165,0.0,112.0,0,Personal Auto,SUV,806.4
QN10888,Oregon,F,High School or Below,772699,87620.0,64.0,0,Personal Auto,Four-Door Car,24.063693
VY19543,FCalifornia,F,Bachelor,831113,0.0,72.0,0,Corporate Auto,Four-Door Car,311.329282
XC15133,Nevada,F,Master,257402,34990.0,65.0,0,Personal Auto,Four-Door Car,42.689135
ST43550,Oregon,M,Bachelor,572732,99934.0,71.0,0,Special Auto,Four-Door Car,460.323855
FX36546,Washington,M,Master,367914,60804.0,92.0,0,Personal Auto,Four-Door Car,213.225001
JX68983,Oregon,M,Bachelor,274451,94648.0,69.0,0,Personal Auto,Four-Door Car,331.2
HX78576,FCalifornia,F,High School or Below,563674,24516.0,71.0,0,Personal Auto,Four-Door Car,300.607591
ZQ11381,Arizona,M,Bachelor,1687038,61063.0,85.0,0,Personal Auto,Four-Door Car,262.504882
ON39271,FCalifornia,M,Master,273800,0.0,74.0,0,Personal Auto,Two-Door Car,263.365432
SB18278,Oregon,M,Bachelor,464470,0.0,64.0,0,Corporate Auto,Four-Door Car,307.2
ZT30559,FCalifornia,F,High School or Below,474668,15169.0,63.0,0,Personal Auto,Four-Door Car,302.4
XI41106,Arizona,M,College,1687432,55390.0,71.0,0,Corporate Auto,Two-Door Car,256.268091
ZS88847,Oregon,F,Bachelor,238760,27592.0,62.0,0,Personal Auto,Four-Door Car,297.6
RU49126,Washington,F,College,446533,61846.0,112.0,0,Personal Auto,SUV,215.8182
KR62797,Arizona,F,High School or Below,459162,83297.0,113.0,0,Personal Auto,SUV,542.4
ZJ73220,Arizona,F,College,1309258,0.0,188.0,0,Special Auto,Luxury,1353.6
FY62633,Oregon,M,Bachelor,911226,0.0,90.0,0,Personal Auto,Four-Door Car,432.0
CU36986,FCalifornia,F,High School or Below,416516,55897.0,104.0,0,Personal Auto,Four-Door Car,499.2
WZ53904,Arizona,M,Bachelor,265998,21297.0,71.0,0,Personal Auto,Four-Door Car,45.507952
AA71604,Arizona,F,Master,1198659,87560.0,98.0,1,Personal Auto,Two-Door Car,470.4
TD10493,Oregon,F,High School or Below,289873,0.0,96.0,4,Personal Auto,Four-Door Car,691.2
LY97989,Oregon,F,Bachelor,289424,0.0,85.0,0,Personal Auto,Four-Door Car,408.0
VX39856,Arizona,F,Doctor,350045,89398.0,86.0,0,Personal Auto,Four-Door Car,82.409922
TP51897,FCalifornia,F,College,262180,36843.0,68.0,3,Corporate Auto,Four-Door Car,357.642982
QQ89253,Oregon,F,College,1022180,0.0,134.0,0,Personal Auto,SUV,643.2
EI91403,FCalifornia,M,High School or Below,257827,34946.0,65.0,0,Personal Auto,Two-Door Car,420.35698
QG15435,Arizona,F,College,624259,75680.0,78.0,0,Personal Auto,Four-Door Car,136.787725
FZ55002,Nevada,F,Doctor,522028,0.0,69.0,0,Personal Auto,Four-Door Car,331.2
HX77930,Washington,F,College,313643,49532.0,79.0,1,Personal Auto,Four-Door Car,220.186677
UN37063,Arizona,M,Bachelor,452536,10269.0,65.0,0,Personal Auto,Two-Door Car,170.798204
VB87946,FCalifornia,M,College,497035,49714.0,63.0,3,Personal Auto,Four-Door Car,266.165535
AB60627,FCalifornia,M,High School or Below,1546778,77517.0,129.0,0,Corporate Auto,SUV,98.921782
TA34903,Oregon,M,High School or Below,583889,81082.0,73.0,0,Personal Auto,Four-Door Car,281.295903
AQ51368,Oregon,F,Bachelor,1065688,72540.0,88.0,0,Corporate Auto,Two-Door Car,631.743039
NZ26102,Oregon,F,High School or Below,228961,0.0,65.0,0,Personal Auto,Four-Door Car,468.0
GB45753,FCalifornia,M,High School or Below,543980,61546.0,68.0,0,Corporate Auto,Two-Door Car,29.209521
BV79904,FCalifornia,F,Master,795615,44818.0,67.0,1,Personal Auto,Two-Door Car,136.883999
OB49075,Arizona,M,Bachelor,445811,17622.0,65.0,1,Personal Auto,Four-Door Car,312.0
DS97676,Oregon,F,College,255505,0.0,72.0,0,Personal Auto,Four-Door Car,518.4
JO63462,FCalifornia,M,Bachelor,330799,79797.0,84.0,0,Corporate Auto,Two-Door Car,31.755601
NJ10602,Washington,F,College,845905,92717.0,70.0,0,Personal Auto,Two-Door Car,224.27582
RS24501,Oregon,F,College,1335012,28919.0,173.0,0,Personal Auto,SUV,830.4
VT78274,Arizona,M,College,493122,0.0,68.0,0,Personal Auto,Four-Door Car,480.159011
SU56153,Nevada,M,Bachelor,777683,63568.0,65.0,0,Corporate Auto,Two-Door Car,390.792553
MN20737,Nevada,F,College,255367,73935.0,64.0,1,Corporate Auto,Four-Door Car,72.071195
KL43114,Arizona,F,High School or Below,487646,0.0,66.0,0,Corporate Auto,Two-Door Car,316.8
YQ15567,Oregon,F,Bachelor,903430,18846.0,115.0,0,Personal Auto,SUV,552.0
TR88637,Arizona,F,High School or Below,810591,38893.0,103.0,0,Personal Auto,SUV,41.965252
TC88986,Oregon,M,High School or Below,561968,0.0,153.0,0,Special Auto,SUV,1027.000029
XX88577,FCalifornia,M,Bachelor,1572713,84824.0,196.0,0,Corporate Auto,SUV,319.820747
NE49052,FCalifornia,F,High School or Below,661801,20068.0,86.0,0,Corporate Auto,Four-Door Car,411.011162
KX17826,Oregon,M,Doctor,467004,0.0,125.0,0,Corporate Auto,SUV,600.0
CC91503,Arizona,F,High School or Below,1016936,0.0,135.0,0,Personal Auto,Luxury,648.0
WH32183,FCalifornia,M,Bachelor,832307,97245.0,70.0,0,Personal Auto,Four-Door Car,4.110585
ES90681,FCalifornia,F,College,241776,51808.0,61.0,1,Personal Auto,Four-Door Car,351.149904
DW96592,FCalifornia,M,Bachelor,804487,71391.0,67.0,0,Personal Auto,Four-Door Car,284.000172
MT23134,Oregon,M,High School or Below,532572,0.0,73.0,0,Personal Auto,Two-Door Car,496.474767
BM69081,Arizona,M,Bachelor,694752,0.0,100.0,0,Personal Auto,SUV,925.137143
MB90871,Oregon,F,College,584741,23496.0,77.0,0,Special Auto,Four-Door Car,13.164097
QL77686,Nevada,F,College,472478,23986.0,119.0,0,Corporate Auto,SUV,463.335061
ON77827,Arizona,F,Master,279022,22974.0,71.0,0,Personal Auto,Four-Door Car,180.667969
KP18988,Oregon,F,High School or Below,2153133,0.0,101.0,0,Personal Auto,Four-Door Car,484.8
TI92884,Arizona,M,Bachelor,1262283,61844.0,106.0,0,Personal Auto,Luxury,508.8
JH73503,Arizona,M,Doctor,2017196,24804.0,73.0,0,Personal Auto,Two-Door Car,350.4
YE97964,FCalifornia,F,Bachelor,1646436,27760.0,104.0,0,Personal Auto,SUV,302.764283
VA30351,Oregon,F,High School or Below,559538,74454.0,71.0,0,Personal Auto,Four-Door Car,340.8
PV55726,Oregon,F,Master,417068,29462.0,107.0,1,Personal Auto,SUV,513.6
UC88305,Arizona,F,College,266544,52266.0,68.0,0,Corporate Auto,Two-Door Car,141.922839
TS53809,Oregon,M,Bachelor,709891,0.0,70.0,0,Personal Auto,Two-Door Car,349.783046
ZV32120,FCalifornia,M,Doctor,397134,23599.0,103.0,0,Corporate Auto,SUV,494.4
FB80807,Oregon,M,Bachelor,552821,36088.0,72.0,0,Personal Auto,Four-Door Car,345.6
AS55677,FCalifornia,F,High School or Below,833899,70534.0,104.0,0,Personal Auto,Four-Door Car,54.065538
WA15684,Oregon,M,College,3844585,27398.0,125.0,1,Personal Auto,SUV,600.0
SA50567,Nevada,M,Bachelor,544855,85296.0,68.0,0,Personal Auto,Four-Door Car,342.515136
KJ31611,Arizona,M,High School or Below,1080806,31063.0,92.0,0,Personal Auto,Four-Door Car,441.6
VL37375,FCalifornia,M,Bachelor,618509,0.0,92.0,0,Personal Auto,Two-Door Car,1027.177255
KN21017,Nevada,M,High School or Below,320822,52367.0,81.0,0,Personal Auto,Four-Door Car,275.989978
PX44289,Arizona,M,College,548010,58651.0,71.0,0,Personal Auto,Four-Door Car,472.599683
AM97901,Nevada,F,College,2298615,84831.0,192.0,0,Special Auto,Luxury,1336.931716
RE42925,Oregon,M,Bachelor,1310792,49088.0,114.0,1,Corporate Auto,SUV,547.2
TR81766,FCalifornia,F,College,746292,70263.0,93.0,0,Corporate Auto,Two-Door Car,7.345946
CH85057,Oregon,F,Doctor,1146399,45354.0,285.0,0,Personal Auto,Luxury,540.141566
UP71482,Arizona,M,High School or Below,723613,0.0,63.0,0,Personal Auto,Four-Door Car,383.363758
EG40670,FCalifornia,F,Bachelor,623268,28334.0,83.0,0,Special Auto,Four-Door Car,537.765151
HV83672,Oregon,F,Bachelor,2839332,38772.0,90.0,0,Personal Auto,Four-Door Car,321.873474
MG10140,Oregon,F,College,374675,41479.0,94.0,1,Personal Auto,Two-Door Car,19.575683
TC44716,FCalifornia,M,Bachelor,2156933,23909.0,119.0,0,Personal Auto,SUV,571.2
QO65264,FCalifornia,M,College,501208,48328.0,63.0,0,Personal Auto,Two-Door Car,108.138715
EB66698,FCalifornia,M,High School or Below,337185,86689.0,85.0,0,Corporate Auto,Two-Door Car,408.0
OT52034,FCalifornia,M,Bachelor,386477,24204.0,99.0,1,Personal Auto,Four-Door Car,707.303416
CH85444,Oregon,M,College,414571,25943.0,110.0,0,Corporate Auto,Two-Door Car,1067.333126
PU85769,FCalifornia,M,High School or Below,515607,0.0,73.0,0,Personal Auto,Four-Door Car,807.947292
UI73201,FCalifornia,M,College,366737,62375.0,92.0,0,Personal Auto,Two-Door Car,618.630955
SL50592,FCalifornia,F,High School or Below,783568,0.0,71.0,0,Corporate Auto,Four-Door Car,404.272806
XP11075,Arizona,M,Bachelor,1456726,0.0,148.0,0,Personal Auto,SUV,710.4
SI31236,Oregon,M,Bachelor,1017133,70200.0,65.0,0,Corporate Auto,Four-Door Car,312.0
JN26745,Nevada,F,Bachelor,413577,0.0,112.0,0,Special Auto,Four-Door Car,707.977614
VK48036,Oregon,F,College,551149,79027.0,70.0,0,Corporate Auto,Four-Door Car,336.0
JX76668,Washington,F,High School or Below,1131424,62935.0,141.0,0,Personal Auto,Luxury,232.242326
DS45802,FCalifornia,F,High School or Below,541461,26893.0,68.0,0,Personal Auto,Four-Door Car,68.226001
OA96690,Oregon,F,High School or Below,742159,47406.0,94.0,1,Personal Auto,Four-Door Car,287.149807
EM27919,FCalifornia,M,Bachelor,445811,17622.0,65.0,1,Personal Auto,Four-Door Car,312.0
QO41043,Oregon,F,College,1447612,27572.0,124.0,0,Corporate Auto,SUV,595.2
OV50124,Oregon,F,College,493688,0.0,72.0,2,Personal Auto,Two-Door Car,391.636628
PR31642,Oregon,F,Bachelor,452527,32802.0,114.0,0,Personal Auto,SUV,547.2
BU41599,Washington,F,Master,558176,62739.0,70.0,0,Personal Auto,Two-Door Car,239.328571
TK30357,FCalifornia,F,Bachelor,1413434,90844.0,118.0,0,Personal Auto,SUV,232.674417
NF31087,Nevada,F,High School or Below,2472318,44685.0,69.0,0,Personal Auto,Four-Door Car,331.2
NH16984,FCalifornia,F,Bachelor,283806,0.0,80.0,0,Personal Auto,Four-Door Car,336.50961
OS75493,FCalifornia,F,High School or Below,384848,42589.0,98.0,0,Corporate Auto,Four-Door Car,470.4
VT63298,Oregon,M,Bachelor,1950447,0.0,72.0,0,Personal Auto,Four-Door Car,345.6
QS75550,Washington,F,Bachelor,248004,93383.0,62.0,0,Corporate Auto,Two-Door Car,244.212286
SZ16483,Arizona,F,High School or Below,436137,79583.0,109.0,2,Personal Auto,Four-Door Car,523.2
VM92311,Arizona,F,High School or Below,252907,89129.0,64.0,0,Personal Auto,Four-Door Car,328.870868
NJ46849,Arizona,M,College,250444,0.0,69.0,0,Personal Auto,Four-Door Car,496.8
WZ31900,Oregon,F,Bachelor,864970,94389.0,107.0,0,Corporate Auto,SUV,85.063708
RG30482,Oregon,F,College,1366835,0.0,197.0,0,Personal Auto,SUV,1418.4
ZM86949,Oregon,F,High School or Below,2063508,84106.0,64.0,0,Personal Auto,Two-Door Car,334.408717
QQ39596,Arizona,F,College,251753,0.0,69.0,0,Personal Auto,Four-Door Car,42.096415
FH51383,FCalifornia,F,High School or Below,532667,76717.0,66.0,0,Personal Auto,Two-Door Car,300.528579
BJ53923,Arizona,M,High School or Below,260027,51978.0,66.0,0,Corporate Auto,Four-Door Car,144.782152
CZ96653,Oregon,F,Bachelor,853479,47325.0,107.0,0,Personal Auto,SUV,64.598216
FB23788,Oregon,M,High School or Below,882883,86721.0,111.0,0,Corporate Auto,SUV,532.8
NT43594,Nevada,F,Bachelor,224844,24910.0,63.0,1,Personal Auto,Four-Door Car,347.857619
RJ85627,Washington,F,Bachelor,1230276,43817.0,62.0,1,Personal Auto,Four-Door Car,245.447622
KJ86296,Oregon,M,High School or Below,455659,0.0,73.0,2,Personal Auto,Four-Door Car,525.6
PI47776,Oregon,F,Bachelor,253070,89451.0,63.0,0,Corporate Auto,Four-Door Car,61.769564
MD73554,FCalifornia,M,College,525198,59537.0,66.0,0,Personal Auto,Two-Door Car,316.8
UX92071,Oregon,M,High School or Below,674311,0.0,199.0,0,Personal Auto,Luxury,955.2
YG44474,Oregon,M,College,1401472,54193.0,117.0,0,Corporate Auto,SUV,720.752945
UH45301,Oregon,M,College,943891,86946.0,118.0,0,Personal Auto,Four-Door Car,340.656963
RY92647,FCalifornia,F,Bachelor,1050677,0.0,92.0,0,Personal Auto,Four-Door Car,546.524896
IK12620,Arizona,F,High School or Below,421391,12160.0,109.0,0,Personal Auto,Four-Door Car,489.411833
GQ66762,FCalifornia,M,College,477368,33701.0,63.0,0,Personal Auto,Four-Door Car,171.325856
YT69858,Washington,F,Bachelor,544142,85702.0,67.0,0,Personal Auto,Two-Door Car,249.085887
XD85577,FCalifornia,M,Bachelor,284226,69417.0,73.0,1,Personal Auto,Four-Door Car,30.874869
TM65736,Oregon,M,Master,305955,38644.0,78.0,1,Personal Auto,Four-Door Car,361.455219
VJ51327,FCalifornia,F,High School or Below,2031499,63209.0,102.0,2,Personal Auto,SUV,207.320041
GS98873,Arizona,F,Bachelor,323912,16061.0,88.0,0,Personal Auto,Four-Door Car,633.6
CW49887,California,F,Master,462680,79487.0,114.0,0,Special Auto,SUV,547.2
MY31220,California,F,College,899704,54230.0,112.0,0,Personal Auto,Two-Door Car,537.6
